Symbol;Name;Symbol2;Currency
BNQF;Collateralized ETC on RICI Enhanced Gas Oil TR Index;BNQF;EUR
CNB;Lyxor Euro Corporate Bond Ex Financials UCITS ETF;LYBF;EUR
UEF5;UBS ETF - MSCI Emerging Markets Socially Responsible UCITS ETF;UEF5;EUR
GOMA;BNP Paribas Easy Barclays Euro Government Inflation Linked All Maturities ETF;GOMA;EUR
X0BM;Coba ETC -2 x Platinum Daily Short Index;X0BM;EUR
FLOT;Lyxor Barclays Floating Rate Euro 0-7Y UCITS ETF;NK4L;EUR
X0E2;Coba ETC 2x Gasoil Daily Long Index;X0E2;EUR
ETLH;L&G Ecommerce Logistics UCITS ETF;ETLH;EUR
PP2;ComStage ETF PSI 20 Leverage UCITS ETF;CD48;EUR
XBO3;Xtrackers II Italy Government Aggregate Bond Swap UCITS ETF;XBO3;EUR
WTIZ;WisdomTree Japan Equity UCITS ETF;WTIZ;EUR
XBJA;ETFS Long CHF Short EUR;XBJA;EUR
4GLD;Xetra-Gold;4GLD;EUR
2OIL;Boost WTI Oil 2x Leverage Daily ETP;2OIL;EUR
XMVE;Xtrackers MSCI EMU Minimum Volatility UCITS ETF;XMVE;EUR
EQUA;BNP PARIBAS EASY Equity Quality Europe UCITS ETF;QUEU;EUR
X0C1;Coba ETC 1x Brent Oil Daily Long;X0C1;EUR
EL4F;Deka DAX ausschuettend UCITS ETF;EL4F;EUR
WTDY;WisdomTree US Equity Income UCITS ETF;WTDY;EUR
00XS;ETFS EUR Daily Hedged Wheat;00XS;EUR
X03B;Xtrackers II Eurozone Government Bond 1-3 UCITS ETF;X03B;EUR
E903;ComStage 1 DivDAX UCITS ETF;E903;EUR
CG1;Amundi ETF DAX UCITS ETF DR;ACG1;EUR
EL4S;Deka DB EUROGOV Germany 1-3 UCITS ETF;EL4S;EUR
C054;ComStage ETF FR EURO STOXX 50 UCITS ETF;C054;EUR
M9SD;Market Access NYSE Arca Gold Bugs Index UCITS ETF;M9SD;EUR
D5BF;Xtrackers II US Treasuries Inflation-Linked UCITS ETF;D5BF;EUR
X0BB;Coba ETC 3x Cocoa Daily Long;X0BB;EUR
WTEM;WisdomTree Global Quality Dividend Growth UCITS ETF;WTEM;EUR
WSRI;Amundi Index MSCI World SRI UCITS ETF DR;XAMB;EUR
EL4W;Deka DB EUROGOV Germany MM UCITS ETF;EL4W;EUR
PCFN;BOOST GOLD 3X SHORT DAILY;PCFN;EUR
5X60;ComStage ETF Commerzbank Bund-Future TR UCITS ETF;5X60;EUR
DIUS;BNP Paribas Easy Equity Dividend US UCIITS ETF;DIUS;EUR
FEUQ;Fidelity Europe Quality Income UCITS ETF;FEUQ;EUR
OD72;ETFS Petroleum;OD72;EUR
ETL2;L&G Longer Dated All Commodities UCITS ETF;ETL2;EUR
WTEA;WisdomTree Emerging Asia Equity Income UCITS ETF;WTEA;EUR
C100;ComStage ETF Commerzbank EONIA Index TR UCITS ETF;C100;EUR
DBX9;Xtrackers FTSE China 50 UCITS ETF;DBX9;EUR
CAPU;OSSIAM SHILLER BARCLAYS CAPE US SECTOR VALUE TR;USCP;EUR
XAD1;Xtrackers Physical Gold EUR Hedged ETC;XAD1;EUR
MA13;Multi Units Luxembourg-Lyxor EUROMTS Highest Rated Macro-Weighted Govt Bond 1-3Y;LYS4;EUR
ETLI;L&G Pharma Breakthrough UCITS ETF;ETLI;EUR
X0CQ;Coba ETC -4x Silver Daily Short;X0CQ;EUR
CGB;Xtrackers II Harvest China Government Bond UCITS ETF;CGB;EUR
UETW;UBS Irl ETF plc - MSCI World UCITS ETF;UETW;EUR
XZEU;Xtrackers ESG MSCI Europe UCITS ETF;XZEU;EUR
SPYB;SPDR MSCI EM Europe UCITS ETF;SPYB;EUR
LYY7;Lyxor DAX DR UCITS ETF;LYY7;EUR
VAGF;Vanguard Global Aggregate Bond UCITS ETF;VAGF;EUR
XUEK;Xtrackers S&P Europe ex UK UCITS ETF;XUEK;EUR
H4ZH;HSBC MSCI PACIFIC EX JAPAN UCITS ETF;H4ZH;EUR
EXV3;iShares STOXX Europe 600 Technology UCITS ETF DE;EXV3;EUR
X0CU;Coba ETN -5x BUNDF Daily Short;X0CU;EUR
MATW;Lyxor MSCI World Materials TR UCITS ETF;LYPH;EUR
TRV;Lyxor STOXX Europe 600 Travel & Leisure UCITS ETF;LTVL;EUR
UIM9;UBS ETF-MSCI Canada UCITS ETF;UIM9;EUR
UBUM;UBS Irl ETF plc - DJ Global Select Dividend UCITS ETF;UBUM;EUR
ELFB;Deka Oekom Euro Nachhaltigkeit UCITS ETF;ELFB;EUR
EL4R;Deka DB EUROGOV Germany UCITS ETF;EL4R;EUR
EL4E;Deka STOXX Europe Strong Style Composite 40 UCITS ETF;EL4E;EUR
ESE;BNP Paribas Easy S&P 500 UCITS ETF;ESEE;EUR
XDW0;Xtrackers MSCI World Energy UCITS ETF;XDW0;EUR
C007;ComStage MDAX TR UCITS ETF;C007;EUR
EXW1;iShares Core EURO STOXX 50 UCITS ETF DE;EXW1;EUR
H410;HSBC MSCI EMERGING MARKETS UCITS ETF;H410;EUR
C068;ComStage ETF STOXX Europe 600 Health Care NR UCITS ETF;C068;EUR
THA;Lyxor MSCI Thailand UCITS ETF;LYXT;EUR
DBX0;Xtrackers Portfolio UCITS ETF;DBX0;EUR
EXS3;iShares MDAX UCITS ETF DE;EXS3;EUR
X0CD;Coba ETN -2x HSCEIF Daily Short;X0CD;EUR
GG9B;Gold Bullion Securities Ltd;GG9B;EUR
HLT;Lyxor STOXX Europe 600 Healthcare UCITS ETF;LHTC;EUR
X0C3;Coba ETC -1x Brent Oil Daily Short;X0C3;EUR
DBXT;Xtrackers II EUR Overnight Rate Swap UCITS ETF;DBXT;EUR
X0DJ;Coba ETN -3x DJIAF Daily Short;X0DJ;EUR
XQUA;Xtrackers USD Emerging Markets Bond Quality Weighted UCITS ETF;XQUA;EUR
5XYE;HAN-GINS Cloud Technology UCITS ETF;5XYE;EUR
C004;ComStage ETF ShortDAX TR UCITS ETF;C004;EUR
PR1R;AMUNDI PRIME EURO GOVIES UCITS ETF DR;PR1R;EUR
DBXN;Xtrackers II Eurozone Government Bond UCITS ETF;DBXN;EUR
CB5;Amundi ETF MSCI Europe Banks UCITS ETF;18M3;EUR
ISPA;iShares STOXX Global Select Dividend 100 UCITS DE;ISPA;EUR
C099;ComStage CBK Commodity ex-Agriculture Monthly EUR Hedged UCITS ETF;C099;EUR
XUEN;Xtrackers MSCI USA Energy UCITS ETF;XUEN;EUR
XUTD;Xtrackers II US Treasuries UCITS ETF;XUTD;EUR
X04A;Coba ETN 1x SX5EF Daily Long;X04A;EUR
USEUWH;UBS Irl ETF plc - MSCI USA hedged to EUR UCITS ETF;UBUJ;EUR
DES2;L&G DAX Daily 2x Short UCITS ETF;DES2;EUR
LYX5;Lyxor J.P. Morgan Multi-Factor Europe Index UCITS ETF;LYX5;EUR
C033;ComStage MSCI Spain TRN UCITS ETF;C033;EUR
4RTD;ETFS 1X Daily Short Natural Gas;4RTD;EUR
BCFE;UBS ETFs PLC - Bloomberg Commodity CMCI SF UCITS ETF;BCFE;EUR
OOEA;ETFS Brent Crude;OOEA;EUR
MA57;Lyxor EUROMTS Highest Rated Macro-Weighted Govt Bond 5-7Y UCITS ETF;LYS6;EUR
LCUA;Lyxor MSCI EM Asia UCITS ETF;LCUA;EUR
UST;Lyxor Nasdaq-100 UCITS ETF;LYMS;EUR
5CH5;ETFS 5x Long USD Short EUR;5CH5;EUR
9GAL;ETFS Longer Dated Agriculture;9GAL;EUR
X0DN;Coba ETN -3x SPXF Daily Short;X0DN;EUR
VALD;BNP PARIBAS EASY Equity Value Europe UCITS ETF;VALD;EUR
WTDH;WisdomTree Europe Equity UCITS ETF;WTDH;EUR
UEFI;UBS ETF - Bloomberg Barclays US 7-10 Year Treasury Bond UCITS ETF;UEFI;EUR
H411;HSBC MSCI AC FAR EAST EX JAPAN UCITS ETF;H411;EUR
5CH2;ETFS 5x Long AUD Short EUR;5CH2;EUR
X00Q;Coba ETN -4x MDAXF Daily Short;X00Q;EUR
B4NV;BNP Paribas EUR Hedged Gold ETC;B4NV;EUR
D5BH;Xtrackers MSCI Canada UCITS ETF;D5BH;EUR
H4ZR;HSBC MSCI CANADA UCITS ETF;H4ZR;EUR
OD7C;ETFS Copper;OD7C;EUR
RUS;Lyxor MSCI Russia UCITS ETF;LRUS;EUR
X0DA;Coba ETC 2x Copper Daily Long;X0DA;EUR
SBEME;UBS ETF - Bloomberg Barclays USD Emerging Markets Sovereign UCITS ETF;FRCK;EUR
EXH3;iShares STOXX Europe 600 Food & Beverage UCITS ETF DE;EXH3;EUR
X0CJ;Coba ETC 4x Gold Daily Long;X0CJ;EUR
X0BI;Coba ETC 2 x Platinum Daily Long Index;X0BI;EUR
X00Y;Coba ETN -3x TECDAXF Daily Short;X00Y;EUR
X501;ComStage ETF iBoxx Liquid Sovereigns Diversified 3m-1 TR UCITS ETF;X501;EUR
OD74;ETFS Softs;OD74;EUR
BNQR;Collateralized ETC on RICI Enhanced Zinc TR Index;BNQR;EUR
ETLZ;L&G Russell 2000 US Small Cap UCITS ETF;ETLZ;EUR
OD7Q;ETFS Soybeans;OD7Q;EUR
CC4;Amundi Index Solutions-Amundi Euro Corporates;TCC4;EUR
GRE;Lyxor MSCI Greece UCITS ETF;LYMH;EUR
ETBB;BNP Paribas Easy EURO STOXX 50 UCITS ETF;ETBB;EUR
UBUP;UBS Irl ETF plc - MSCI EMU Defensive UCITS ETF;UBUP;EUR
SP500E;UBS Irl ETF plc - S&P 500 UCITS ETF;UEQD;EUR
9GAF;ETFS Longer Dated All Commodities;9GAF;EUR
EUUSAH;UBS ETF - MSCI EMU hedged to USD UCITS ETF;FRCA;USD
CD91;ComStage ETF NYSE Arca Gold BUGS UCITS ETF;CD91;EUR
X03G;Xtrackers II Germany Government Bond UCITS ETF;X03G;EUR
BNQD;Collateralized ETC on RICI Enhanced WTI Crude Oil TR Index;BNQD;EUR
EPEJ;BNP Paribas Easy - MSCI Pacific ex Japan ex Controversial Weapons UCITS ETF;PAC;EUR
XMME;Xtrackers MSCI Emerging Markets UCITS ETF;XMME;EUR
EXSB;iShares DivDAX UCITS ETF DE;EXSB;EUR
XJSE;Xtrackers II Japan Government Bond UCITS ETF;XJSE;EUR
QUED;BNP PARIBAS EASY Equity Quality Europe UCITS ETF;QUED;EUR
XBAS;Xtrackers MSCI Singapore UCITS ETF;XBAS;EUR
MEH;Lyxor FTSE EPRA/NAREIT Developed Europe UCITS ETF;LEEU;EUR
INFL;Lyxor EUR 2-10Y Inflation Expectations UCITS ETF;EUIN;EUR
DBXB;Xtrackers II Eurozone Government Bond 7-10 UCITS ETF;DBXB;EUR
UEF9;UBS ETF - Bloomberg Barclays US Liquid Corporates UCITS ETF;UEF9;EUR
XUHC;Xtrackers MSCI USA Health Care UCITS ETF;XUHC;EUR
X0DQ;Coba ETN 3x NDXF Daily Long;X0DQ;EUR
X04E;Coba ETN 1x DJIAF Daily Long;X04E;EUR
C2BC;Bank of China International BOCI Commerzbank - SSE 50 A Share Index UCITS ETF;C2BC;EUR
ELF5;Deka MSCI Europe ex EMU UCITS ETF;ELF5;EUR
EL4P;Deka iBoxx EUR Liquid SOV DIV 7-10 UCITS ETF;EL4P;EUR
DX2E;Xtrackers S&P Global Infrastructure Swap UCITS ETF;DX2E;EUR
XREA;Xtrackers FTSE Developed Europe ex UK Real Estate UCITS ETF;XREA;EUR
APX;Lyxor MSCI AC Asia EX Japan UCITS ETF;LASI;EUR
PR1E;AMUNDI PRIME EUROPE UCITS ETF DR;PR1E;EUR
OIL;Lyxor STOXX Europe 600 Oil & Gas UCITS ETF;LOGS;EUR
MWO;Lyxor Index Fund-Lyxor Ftse Epra/nareit Global Developed Ucits Etf;LMWE;EUR
CE9;Amundi Msci Eastern Europe EX Russia ETF;540G;EUR
X0BR;Coba ETC 2 x Palladium Daily Long Index;X0BR;EUR
DECR;Amundi Index Euro Agg Corporate Sri - Ucits Etf Dr;DECR;EUR
LVE;Lyxor EURO STOXX 50 Daily 2x Leveraged UCITS ETF;LYMZ;EUR
OD7A;ETFS Aluminium;OD7A;EUR
ETLN;L&G Europe ex UK Equity UCITS ETF;ETLN;EUR
DBXW;Xtrackers MSCI World Swap UCITS ETF;DBXW;EUR
VGEA;Vanguard EUR Eurozone Government Bond UCITS ETF;VGEA;EUR
D5BM;Xtrackers S&P 500 Swap UCITS ETF;D5BM;EUR
XDWC;Xtrackers MSCI World Consumer Discretionary UCITS ETF;XDWC;EUR
WTDP;Wisdomtree EUR Aggregate Bond Enhanced Yield UCITS ETF;WTDP;EUR
NRJ;Lyxor New Energy UCITS ETF;LYM9;EUR
C012;ComStage ETF S&P 500 UCITS ETF;C012;EUR
C064;ComStage ETF STOXX Europe 600 Chemicals NR UCITS ETF;C064;EUR
RTA;Lyxor STOXX Europe 600 Retail UCITS ETF;LRET;EUR
FTGE;First Trust Eurozone AlphaDEX UCITS ETF;FTGE;EUR
C032;ComStage MSCI Italy TRN UCITS ETF;C032;EUR
E50EUAEUR;UBS ETF EURO STOXX 50 UCITS ETF;UIM1;EUR
EUL3;ETFS 3x Daily Long EURO STOXX 50;EUL3;EUR
CI2;Amundi Msci India ETF;18MK;EUR
XDGU;Xtrackers USD Corporate Bond UCITS ETF;XDGU;EUR
XUCD;Xtrackers MSCI USA Consumer Dcretionary UCITS ETF;XUCD;EUR
B4N4;Collateralized EUR Hedged RICI Enhanced Aluminum TR Index ETC;B4N4;EUR
X04W;Coba ETN 2x HSIF Daily Long;X04W;EUR
EL4V;Deka DB EUROGOV Germany 10+ UCITS ETF;EL4V;EUR
PR1S;AMUNDI PRIME US TREASURY UCITS ETF DR;PR1S;EUR
E570;ComStage CBK 10Y US-Treasury Future TR UCITS ETF;E570;EUR
LYPS;Lyxor S&P 500 UCITS ETF;LYPS;EUR
CBSUSE;UBS ETF - Bloomberg Barclays MSCI US Liquid Corporates Sustainable UCITS ETF;UET0;EUR
CS1;Amundi ETF MSCI Spain UCITS ETF;AMES;EUR
OSXF;OSSIAM SOLACTIVE MOODY'S ANALYTICS IG EUR Select Credit;OSXF;EUR
LESG;Lyxor MSCI EM ESG Trend Leaders UCITS ETF;LESG;EUR
EL42;Deka MSCI Europe UCITS ETF;EL42;EUR
X04N;Coba ETN 2x NDXF Daily Long;X04N;EUR
3DES1;Boost ShortDAX 3x Daily ETP;3DES;EUR
EL46;Deka MSCI China ex A Shares UCITS ETF;EL46;EUR
DBXQ;Xtrackers II Eurozone Government Bond 3-5 UCITS ETF;DBXQ;EUR
H4ZL;HSBC FTSE EPRA/NAREIT Developed UCITS ETF;H4ZL;EUR
RIO2;Lyxor MSCI Brazil UCITS ETF;LBRA;EUR
NGXL;Boost Natural Gas 3x Leverage Daily ETP;NGXL;EUR
X0E6;Coba ETC -2x Gasoil Daily Short Index;X0E6;EUR
XMDU;Xtrackers Morningstar US Quality Dividend UCITS ETF;XMDU;EUR
X0DZ;Coba ETN 4x HSIF Daily Long;X0DZ;EUR
DXS0;Xtrackers SLI UCITS ETF;DXS0;EUR
XBJH;ETFS Short INR Long USD;XBJH;EUR
5X62;ComStage Commerzbank Bund-Future Short TR UCITS ETF;5X62;EUR
E905;ComStage 1 SDAX UCITS ETF;E905;EUR
X0B4;Coba ETC 4x WTI Oil Daily Long;X0B4;EUR
DXSE;Xtrackers Stoxx Europe 600 Health Care Swap UCITS ETF;DXSE;EUR
EXHB;iShares eb.rexx Government Germany 1.5-2.5yr UCITS ETF DE;EXHB;EUR
MDBE;UBS ETF - Sustainable Development Bank Bonds UCITS ETF;MDBE;EUR
X0CT;Coba ETN 15x BUNDF Daily Long;X0CT;EUR
4RTB;ETFS 1X Daily Short Lean Hogs;4RTB;EUR
UBUB;UBS Irl ETF plc - Solactive Global Oil Equities UCITS ETF;UBUB;EUR
00XR;ETFS EUR Daily Hedged Silver;00XR;EUR
USA;Lyxor MSCI USA UCITS ETF;LYYB;EUR
2OIS1;Boost WTI Oil 2x Short Daily ETP;2OIS;EUR
SPYL;SPDR MSCI EM Latin America UCITS ETF;SPYL;EUR
FRNU.OLD;AMUNDI ETF FLOATING RATE USD CORPORATE UCITS ETF;FRNU.OLD;EUR
OD7M;ETFS Nickel;OD7M;EUR
JPNK;Amundi Index Solutions-Amundi Jpx-Nikkei 400;JP40;EUR
XDWL;Xtrackers MSCI World UCITS ETF;XDWL;EUR
EXHF;iShares Euro Government Bond Capped 1.5-10.5yr UCITS ETF DE;EXHF;EUR
EUREUA;UBS ETF MSCI Europe UCITS ETF;UIMA;EUR
UTI;Lyxor STOXX Europe 600 Utilities UCITS ETF;LUTI;EUR
CRP;Lyxor Euro Corporate Bond UCITS ETF;LYEB;EUR
LYPU;Lyxor Australia S&P/ASX 200 UCITS ETF;LYPU;EUR
OD7Y;ETFS Grains;OD7Y;EUR
DXET;Xtrackers Euro Stoxx 50 UCITS ETF;DXET;EUR
EEXU;BNP Paribas Easy - MSCI Europe ex UK ex Controversial Weapons UCITS ETF;EEXU;EUR
OD7G;ETFS Gasoline;OD7G;EUR
ETLV;ETFS S-Network Global Agri Business GO UCITS ETF;ETLV;EUR
DXSD;Xtrackers Stoxx Europe 600 Oil & Gas Swap UCITS ETF;DXSD;EUR
EXSD;iShares STOXX Europe Mid 200 UCITS ETF DE;EXSD;EUR
UBU3;UBS Irl ETF plc - MSCI USA UCITS ETF;UBU3;EUR
LDCE;PIMCO Low Duration Euro Corporate Bond Source UCITS ETF;LDCE;EUR
XIEE;Xtrackers MSCI Europe UCITS ETF;XIEE;EUR
EMVEUA;UBS ETF-MSCI EMU Value UCITS ETF;UIME;EUR
C10;Amundi ETF Govt Bond Euromts Broad Investment Grade 10-15 UCITS ETF;18MW;EUR
X0C8;Coba ETC -2x Natural Gas Daily Short;X0C8;EUR
XBJF;ETFS Short CNY Long USD USD;XBJF;EUR
DBXA;Xtrackers MSCI Europe UCITS ETF;DBXA;EUR
4RTG;ETFS 1X Daily Short Soybean Oil;4RTG;EUR
XBO1;Xtrackers II Italy Government Bond UCITS ETF;XBO1;EUR
ELQC;BNP Paribas Easy Markit iBoxx EUR Liquid Corporates UCITS ETF;ELQC;EUR
X508;ComStage ETF iBoxx Liquid Sovereigns Diversified 15+ TR UCITS ETF;X508;EUR
EL4K;Deka iBoxx EUR Liquid SOV DIV 1-10 UCITS ETF;EL4K;EUR
WTES;WisdomTree Europe SmallCap Dividend UCITS ETF;WTES;EUR
OSX2;OSSIAM US MINIMUM VARIANCE ESG NR UCITS ETF;OSX2;EUR
E572;ComStage CBK US-Treasury Bond Future Short TR UCITS ETF;E572;EUR
UEF7;UBS ETF - Bloomberg Barclays US Liquid Corporates 1-5 Year UCITS ETF;UEF7;EUR
00XN;ETFS EUR Daily Hedged Gold;00XN;EUR
OD7F;ETFS WTI Crude Oil;OD7F;EUR
EXH6;iShares STOXX Europe 600 Media UCITS ETF DE;EXH6;EUR
D5BI;Xtrackers MSCI Mexico UCITS ETF;D5BI;EUR
XLIQ;Xtrackers II EUR Covered Bond Swap UCITS ETF;XLIQ;EUR
CBUS5E;UBS ETF - Bloomberg Barclays US Liquid Corporates 1-5 Year UCITS ETF;UEF8;EUR
EXI1;iShares SLI UCITS ETF DE;EXI1;EUR
C128;ComStage ETF MSCI Emerging Markets Leveraged 2x Daily TRN UCITS ETF;C128;EUR
X0D0;Coba ETN -4x HSCEIF Daily Short;X0D0;EUR
ETLF;L&G All Commodities UCITS ETF;ETLF;EUR
EMSRI;Amundi Index MSCI Emerging Markets SRI UCITS ETF DR;AMEI;EUR
X0CZ;Coba ETN 15x SCHATZF Daily Long;X0CZ;EUR
INR;Lyxor MSCI India UCITS ETF;LYMD;EUR
XZMJ;Xtrackers ESG MSCI Japan UCITS ETF;XZMJ;EUR
X0DS;Coba ETN -3x NDXF Daily Short;X0DS;EUR
ECBI;UC MSCI European Green Bond EUR UCITS ETF;ECBI;EUR
VLED;BNP PARIBAS EASY Equity Low Vol Europe UCITS ETF;VLED;EUR
C005;ComStage ETF SDAX TR UCITS ETF;C005;EUR
X0DK;Coba ETN -4x DJIAF Daily Short;X0DK;EUR
EL41;Deka MSCI USA MC UCITS ETF;EL41;EUR
X00J;Coba ETN 2x MDAXF Daily Long;X00J;EUR
INDO;Lyxor MSCI Indonesia UCITS ETF;LYXI;EUR
CU9;Amundi ETF MSCI Europe Ex Emu UCITS ETF;540H;EUR
CRB;Lyxor Commodities Thomson Reuters/CoreCommodity CRB TR UCITS ETF;LYTR;EUR
OOEC;ETFS Ex-Agriculture & Livestock;OOEC;EUR
X0CX;Coba ETN 5x SCHATZF Daily Long;X0CX;EUR
WAT;Lyxor World Water UCITS ETF;LYM8;EUR
IND;Lyxor STOXX Europe 600 Industrial Goods & Services UCITS ETF;LIGS;EUR
XDUK;Xtrackers FTSE 100 UCITS ETF;XDUK;EUR
LEUB;ETFS Bullish EUR vs G10 Currency Basket Securities;LEUB;EUR
C060;ComStage ETF STOXX Europe 600 NR UCITS ETF;C060;EUR
EEUE;BNP Paribas Easy - MSCI Europe ex Controversial Weapons UCITS ETF;EEUX;EUR
GLUX;Amundi S&P Global Luxury UCITS ETF;GLUX;EUR
X023;ComStage S&P Small Cap 600 UCITS ETF;X023;EUR
CU2;Amundi Index Solutions-Amundi Msci USA;ACU2;EUR
X0D3;Coba ETC -3x Brent Oil Daily Short;X0D3;EUR
B4N5;Collateralized EUR Hedged RICI Enhanced Copper TR Index ETC;B4N5;EUR
XS7W;Xtrackers Portfolio Income UCITS ETF;XS7W;EUR
DJE;Lyxor Dow Jones Industrial Average UCITS ETF;DJAM;EUR
COVR;PIMCO Covered Bond Source UCITS ETF;COVR;EUR
EKUS;BNP Paribas Easy - MSCI KLD 400 US SRI UCITS ETF;EKUS;EUR
X04Z;Coba ETN -3x HSIF Daily Short;X04Z;EUR
BNQW;Collateralized ETC on RICI Enhanced METALS TR Index;BNQW;EUR
US9L;Boost US S&P 500 3x Leverage daily ETP;US9L;EUR
5CH1;ETFS Bearish USD vs Commodity Currency Basket Securities;5CH1;EUR
X0DM;Coba ETN 4x SPXF Daily Long;X0DM;EUR
MIVO;Amundi Index Solutions-Amundi Msci Europe Minimum Volatility Factor;MIVA;EUR
UPVLE;UBS Irl ETF Plc - Factor MSCI USA Prime Value UCITS ETF;UBUW;EUR
4RTE;ETFS 1X Daily Short Nickel;4RTE;EUR
X00V;Coba ETN -1x TECDAXF Daily Short;X00V;EUR
UEFF;UBS ETF - Bloomberg Barclays US 1-3 Year Treasury Bond UCITS ETF;UEFF;EUR
DBXK;Xtrackers II Eurozone Inflation-Linked Bond UCITS ETF;DBXK;EUR
LCUE;Lyxor Emerging Markets LU UCITS ETF;LCUE;EUR
C074;ComStage ETF STOXX Europe 600 Real Estate NR UCITS ETF;C074;EUR
OD7R;ETFS Sugar;OD7R;EUR
XDEB;Xtrackers MSCI World Minimum Volatility UCITS ETF;XDEB;EUR
XESD;Xtrackers Spain UCITS ETF;XESD;EUR
XBJQ;ETFS Short USD Long EUR;XBJQ;EUR
S10;AMUNDI ETF SHORT GOVT BOND EUROMTS BROAD INVESTMENT GRADE 10-15 Daily UCITS ETF;540Q;EUR
ELFC;Deka EURO iSTOXX ex Fin Dividend+ UCITS ETF;ELFC;EUR
XAD6;Xtrackers Physical Silver ETC EUR;XAD6;EUR
EUHI;PIMCO Euro Short-Term High Yield Corporate Bond Index Source UCITS ETF;EUHI;EUR
C014;ComStage S&P 500 Euro Daily Hedged Net TR UCITS ETF;C014;EUR
X503;ComStage ETF iBoxx Liquid Sovereigns Diversified 3-5 TR UCITS ETF;X503;EUR
S500;AMUNDI INDEX S&P 500 UCITS ETF DR;F500;EUR
XGLF;Xtrackers MSCI GCC Select Swap UCITS ETF;XGLF;EUR
X010;ComStage ETF MSCI World TRN UCITS ETF;X010;EUR
EDEU;BNP Paribas Easy Equity Dividend Europe UCITS ETF;EDEU;EUR
DBXM;Xtrackers II iTraxx Crossover Swap UCITS ETF;DBXM;EUR
10AL;AMUNDI INDEX J.P. MORGAN EMU GOVIES IG UCITS ETF DR;10AL;EUR
XWEH;Xtrackers MSCI World Swap UCITS ETF;XWEH;EUR
AASI;Amundi Index Solutions-Amundi Msci EM Asia;AMEA;EUR
EXX5;iShares Dow Jones U.S. Select Dividend UCITS ETF DE;EXX5;EUR
XB4A;Xtrackers ATX UCITS ETF;XB4A;EUR
EXV2;iShares STOXX Europe 600 Telecommunications UCITS ETF DE;EXV2;EUR
XBAI;Xtrackers II Eurozone AAA Government Bond Swap UCITS ETF;XBAI;EUR
UBUD;UBS Irl ETF plc - Solactive Global Pure Gold Miners UCITS ETF;UBUD;EUR
DXSK;Xtrackers Stoxx Europe 600 Food & Beverage Swap UCITS ETF;DXSK;EUR
CH5;Amundi ETF MSCI Europe Healthcare UCITS ETF;18M6;EUR
FYEM;Fidelity Emerging Markets Quality Income UCITS ETF;FYEM;EUR
LESW;Lyxor MSCI World ESG Trend Leaders DR UCITS ETF;LESW;EUR
DBZB;Xtrackers II Global Government Bond UCITS ETF;DBZB;EUR
WTDR;WisdomTree EUR Government Bond Enhanced Yield UCITS ETF;WTDR;EUR
WTD0;Wisdomtree India Quality UCITS ETF;WTD0;EUR
XYP1;Xtrackers II iBoxx Eurozone Government Bond Yield Plus 1-3 UCITS ETF;XYP1;EUR
TPXH;Amundi Japan Topix UCITS ETF;TTPX;EUR
VZLB;ETFS Physical Palladium;VZLB;EUR
ESRI;BNP Paribas Easy - MSCI Emerging Markets SRI UCITS ETF;ESRI;USD
X0DD;Coba ETC -1x Copper Daily Short;X0DD;EUR
C5L1;Amundi ETF Leveraged Euro Stoxx 50 Daily UCITS ETF;18MD;EUR
8521;ComStage ETF iBoxx Sovereigns Germany Capped 1-5 TR UCITS ETF;8521;EUR
DBXF;Xtrackers II Eurozone Government Bond 15-30 UCITS ETF;DBXF;EUR
JPMV;OSSIAM JAPAN MINIMUM VARIANCE NR UCITS ETF 1C EUR;OSXJ;EUR
XBJL;ETFS Long CAD Short EUR;XBJL;EUR
EEMU;BNP Paribas Easy - MSCI EMU ex Controversial Weapons UCITS ETF;EMUX;EUR
EXH7;iShares STOXX Europe 600 Personal & Household Goods UCITS ETF DE;EXH7;EUR
MTA;Lyxor EuroMTS 1-3Y Investment Grade DR UCITS ETF;LYQ2;EUR
LESU;Lyxor MSCI USA ESG Trend Leaders DR UCITS ETF;LESU;EUR
B4NT;BNP Paribas Tin ETC;B4NT;EUR
X04L;Coba ETN -2x SPXF Daily Short;X04L;EUR
X013;ComStage ETF MSCI North America TRN UCITS ETF;X013;EUR
X04P;Coba ETN -1x NDXF Daily Short;X04P;EUR
B4NS;BNP Paribas Zinc ETC;B4NS;EUR
9GAG;ETFS Longer Dated Energy;9GAG;EUR
WTEB;WisdomTree AT1 CoCo Bond UCITS ETF;WTEB;EUR
X003;Coba ETC -1x Gold Daily Short;X003;EUR
DISW;Lyxor MSCI World Consumer Discretionary TR UCITS ETF;LYPA;EUR
DBXI;Xtrackers FTSE MIB UCITS ETF;DBXI;EUR
X04B;Coba ETN 2x SX5EF Daily Long;X04B;EUR
X020;ComStage ETF MSCI USA TRN UCITS ETF;X020;EUR
ECBC;UC Thomson Reuters Balanced European Convertible Bond UCITS ETF;ECBC;EUR
EEP;BNP Paribas Easy FTSE EPRA/NAREIT Developed Europe UCITS ETF;EEP;EUR
USSRF;UBS ETF - MSCI USA Socially Responsible UCITS ETF;UET1;EUR
PJS1;PIMCO Euro Short Maturity Source UCITS ETF;PJS1;EUR
XDEQ;Xtrackers MSCI World Quality UCITS ETF;XDEQ;EUR
VDXX;Vanguard DAX UCITS ETF;VDXX;EUR
DBPK;Xtrackers S&P 500 2x Inverse Daily Swap UCITS ETF;DBPK;EUR
X008;Coba ETC -2x Silver Daily Short;X008;EUR
CD8;Amundi ETF MSCI Emu High Dividend UCITS ETF;18M2;EUR
WTDF;WisdomTree Europe Equity UCITS ETF;WTDF;EUR
XDPE;Xtrackers S&P 500 UCITS ETF;XDPE;EUR
AUE51;ETFS 5x Short AUD Long EUR;AUE5;EUR
C063;ComStage ETF STOXX Europe 600 Basic Resources NR UCITS ETF;C063;EUR
C061;ComStage ETF STOXX Europe 600 Automobiles & Parts NR UCITS ETF;C061;EUR
ETDD;BNP Paribas Easy EURO STOXX 50 UCITS ETF;ETDD;EUR
XRSM;Xtrackers Russell Midcap UCITS ETF;XRSM;EUR
C029;ComStage ETF SPI TR UCITS ETF;C029;EUR
TY3S;Boost US Treasuries 10Y 3x Short Daily ETP;TY3S;EUR
EVAE;BNP PARIBAS EASY Equity Value Europe UCITS ETF;VALU;EUR
UEQU;UBS ETFs plc - CMCI ex-Agriculture SF UCITS ETF;UEQU;EUR
MAL;Lyxor MSCI Malaysia UCITS ETF;LMLS;EUR
XMWJ;Boost Enhanced Industrial Metals ETC;XMWJ;EUR
T3KE;HAN-GINS Innovative Technologies UCITS ETF;T3KE;EUR
EJAP;BNP Paribas Easy - MSCI Japan ex Controversial Weapons UCITS ETF;EJAP;EUR
10AI;AMUNDI INDEX MSCI EUROPE UCITS ETF DR;10AI;EUR
EXSH;iShares STOXX Europe Select Dividend 30 UCITS ETF DE;EXSH;EUR
DXSN;Xtrackers ShortDAX Daily Swap UCITS ETF;DXSN;EUR
UEQ3;UBS ETFs plc - CMCI Composite SF UCITS ETF;UEQ3;GBP
MTC;Lyxor EuroMTS 5-7Y Investment Grade DR UCITS ETF;LYXC;EUR
XMWH;Boost Bund 30Y 3x Short Daily ETP;XMWH;EUR
X0C9;Coba ETN -15x SCHATZF Daily Short;X0C9;EUR
XAD2;Xtrackers Physical Silver EUR Hedged ETC;XAD2;EUR
X0DF;Coba ETC -3x Copper Daily Short;X0DF;EUR
UIQC;UBS ETFs plc - HFRX Global Hedge Fund Index SF UCITS ETF;UIQC;EUR
EXV4;iShares STOXX Europe 600 Health Care UCITS ETF DE;EXV4;EUR
XWTS;Xtrackers MSCI World Communication Services UCITS ETF;XWTS;EUR
XDWU;Xtrackers MSCI World Utilities UCITS ETF;XDWU;EUR
WTDB;WisdomTree CBOE S&P 500 PutWrite UCITS ETF;WTDB;EUR
OD7L;ETFS Natural Gas;OD7L;EUR
4RT6;ETFS 2X Daily Long Wti Crude Oil;4RT6;EUR
ETZ;BNP Paribas Easy Stoxx Europe 600 UCITS ETF;ETSZ;EUR
4RUM;ETFS 2X Daily Long Platinum;4RUM;EUR
X00A;Coba ETN 1x DAXF Daily Long;X00A;EUR
X04I;Coba ETN 1x SPXF Daily Long;X04I;EUR
M9SF;Market Access iSTOXX Asia Index UCITS ETF;M9SF;EUR
ENG1;BNP Paribas Easy NMX 30 Infrastructure Global;XU61;EUR
CS5;Amundi ETF MSCI Europe Consumer Staples UCITS ETF;18M5;EUR
BNQS;Collateralized ETC on RICI Enhanced Tin TR Index;BNQS;EUR
OD7T;ETFS Zinc;OD7T;EUR
VFEM;Vanguard FTSE Emerging Markets UCITS ETF;VFEM;EUR
B4NQ;BNP Paribas Copper ETC;B4NQ;EUR
EL4Z;Deka MSCI USA UCITS ETF;EL4Z;EUR
XAIX;Xtrackers Artificial Intelligence & Big Data UCITS ETF;XAIX;EUR
DXSA;Xtrackers Euro Stoxx Quality Dividend UCITS ETF;DXSA;EUR
B4NP;BNP Paribas Aluminium ETC;B4NP;EUR
3BFM;Boost Brent Oil 3x Leverage Daily ETP;3BFM;EUR
XDPD;Xtrackers S&P 500 UCITS ETF;XDPD;EUR
KUW81;HANetf KMEFIC FTSE Kuwait Equity UCITS ETF;KUW8;EUR
DBXU;Xtrackers MSCI USA Swap UCITS ETF;DBXU;EUR
EXXV;iShares Dow Jones Eurozone Sustainability Screened UCITS ETF DE;EXXV;EUR
X0CP;Coba ETC -3x Silver Daily Short;X0CP;EUR
B4N9;Collateralized EUR Hedged RICI Enhanced Lead TR Index ETC;B4N9;EUR
X0B7;Coba ETC -3x WTI Oil Daily Short;X0B7;EUR
CB3;Amundi Index Solutions-Amundi Govt Bond Euromts Broad Investment Grade;CB3G;EUR
ALAT;Amundi Index Solutions-Amundi Msci EM Latin America;AMEL;EUR
X0E5;Coba ETC -1x Gasoil Daily Short Index;X0E5;EUR
X0DE;Coba ETC -2x Copper Daily Short;X0DE;EUR
WTDM;WisdomTree US Quality Dividend Growth UCITS ETF;WTDM;EUR
ISTM;BNP Paribas Easy - iSTOXX MUTB Japan Quality 150;ISTM;EUR
DBX5;Xtrackers MSCI Taiwan UCITS ETF;DBX5;EUR
KLMH;Lyxor Green Bond DR UCITS ETF;KLMH;EUR
DXSC;Xtrackers Stoxx Europe 600 Basic Resources Swap UCITS ETF;DXSC;EUR
BBEU;AMUNDI ETF MSCI EUROPE BUYBACK UCITS ETF;AMEB;EUR
EVOU;BNP PARIBAS EASY Equity Low Vol US UCITS ETF;VLUS;EUR
H4ZS;HSBC MSCI MEXICO CAPPED UCITS ETF;H4ZS;EUR
X04D;Coba ETN -2x SX5EF Daily Short;X04D;EUR
XQUE;Xtrackers USD Emerging Markets Bond Quality Weighted UCITS ETF;XQUE;EUR
X0CR;Coba ETN 5x BUNDF Daily Long;X0CR;EUR
OESA;ETFS Brent 1mth Oil Securities;OESA;EUR
XDWF;Xtrackers MSCI World Financials UCITS ETF;XDWF;EUR
SYBX;SPDR Citi Asia Local Government Bond UCITS ETF;SYBX;EUR
DLB;Lyxor Bund Daily 2x Leveraged UCITS ETF;LYMI;EUR
XCS2;Xtrackers II Australia Government Bond UCITS ETF;XCS2;EUR
H4ZT;HSBC MSCI INDONESIA UCITS ETF;H4ZT;EUR
X004;Coba ETC -2x Gold Daily Short;X004;EUR
X03F;Xtrackers II Eurozone Government Bond UCITS ETF;X03F;EUR
EXXT;iShares NASDAQ-100 UCITS ETF DE;EXXT;EUR
ETB.OLD;EURO STOXX 50 THEAM EASY UCITS ETF;X24F.OLD;EUR
EL48;Deka iBoxx EUR Liquid Germany Covered Diversified UCITS ETF;EL48;EUR
X00F;Coba ETN -2x DAXF Daily Short;X00F;EUR
X0B6;Coba ETC -2x WTI Oil Daily Short;X0B6;EUR
9GAN;ETFS Longer Dated Livestock;9GAN;EUR
DBXY;Xtrackers FTSE 250 UCITS ETF;DBXY;EUR
4RTK;ETFS 1X Daily Short Wheat;4RTK;EUR
X00Z;Coba ETN -4x TECDAXF Daily Short;X00Z;EUR
D3V3;Xtrackers EUR Credit 12.5 Swap UCITS ETF;D3V3;EUR
DBXX;Xtrackers FTSE 100 Income UCITS ETF;DBXX;EUR
DBXR;Xtrackers II Eurozone Government Bond 5-7 UCITS ETF;DBXR;EUR
E129;ComStage ETF S&P SMIT 40 Index TRN UCITS ETF;E129;EUR
SB0;Amundi Short Govt Bond Euromts Broad Inv Grade Daily UCITS ETF;540P;EUR
X04H;Coba ETN -2x DJIAF Daily Short;X04H;EUR
CASH1;L&G E Fund MSCI China A UCITS ETF;CASH;EUR
X0DT;COba ETN -4x NDXF Daily Short;X0DT;EUR
ELFA;Deka EURO STOXX 50 thesaurierend UCITS ETF;ELFA;EUR
ENFX;ETFS G10 vs USD Multi Strategy FX Basket Security;ENFX;EUR
X0DY;Coba ETN 3x HSIF Daily Long;X0DY;EUR
X500;ComStage ETF iBoxx Liquid Sovereigns Diversified Overall TR UCITS ETF;X500;EUR
H4ZJ;HSBC MSCI WORLD UCITS ETF;H4ZJ;EUR
UBUT;UBS Irl ETF plc - Factor MSCI USA Quality UCITS ETF;UBUT;EUR
X022;ComStage S&P MidCap 400 UCITS ETF;X022;EUR
QCEU;Amundi Index Solutions-Amundi Msci Europe Quality Factor;AMEQ;EUR
EL43;Deka MSCI Europe MC UCITS ETF;EL43;EUR
DXSM;Xtrackers DBLCI Commodity Optimum Yield Swap UCITS ETF;DXSM;EUR
REES;Invesco GPR Real Estate Europe UCITS ETF;REES;EUR
LYXL;Lyxor JP MORGAN EUROPE LOW BETA FACTOR UCITS ETF;LYXL;EUR
GWT;Lyxor MSCI EMU Growth DR UCITS ETF;LGWT;EUR
X0DG;Coba ETC -4x Copper Daily Short;X0DG;EUR
00XL;ETFS EUR Daily Hedged Copper;00XL;EUR
X026;ComStage ETF MSCI Europe Small Cap TRN UCITS ETF;X026;EUR
EFQ8;Deka iBoxx EUR Liquid Non-Financials Diversified UCITS ETF;EFQ8;EUR
UEFY;UBS-ETF SBI Foreign AAA-BBB 1-5 UCITS ETF;UEFY;EUR
EXHD;iShares eb.rexx Government Germany 5.5-10.5 UCITS ETF DE;EXHD;EUR
XDDX;Xtrackers DAX Income UCITS ETF;XDDX;EUR
X0BQ;Coba ETC1 x Palladium Daily Long Index;X0BQ;EUR
DXS5;Xtrackers MSCI AC Asia ex Japan Swap UCITS ETF;DXS5;EUR
X005;Coba ETC 1x Silver Daily Long;X005;EUR
XD9E;Xtrackers MSCI USA UCITS ETF;XD9E;EUR
4RTC;ETFS 1X Daily Short Live Cattle;4RTC;EUR
XMLP;L&G US Energy Infrastructure MLP UCITS ETF;XMLP;EUR
D5BK;Xtrackers FTSE Developed Europe Real Estate UCITS ETF;D5BK;EUR
JPNH;Lyxor Japan TOPIX DR UCITS ETF;JPNH;EUR
500;Amundi S&P 500 UCITS ETF;AUM5;EUR
DBX2;Xtrackers MSCI EM Asia Swap UCITS ETF;DBX2;EUR
PR1G;AMUNDI PRIME GLOBAL GOVIES UCITS ETF DR;PR1G;EUR
X0B2;Coba ETC 2x WTI Oil Daily Long;X0B2;EUR
VIXL1;Boost S&P 500 VIX Short-Term Futures 2.25x Leverage Daily ETP;VIXL;EUR
X0CH;Coba ETN -4x SX5EF Daily Short;X0CH;EUR
PR1C;AMUNDI PRIME EURO CORPORATES UCITS ETF DR;PR1C;EUR
UBU7;UBS Irl ETF plc - MSCI World UCITS ETF;UBU7;EUR
LYT3;Lyxor J.P. Morgan Multi-Factor World Index UCITS ETF;LYT3;EUR
C003;ComStage ETF DivDAX TR UCITS ETF;C003;EUR
TELEW;Lyxor MSCI World Communication Services TR UCITS ETF;LYPI;EUR
CM9;Amundi ETF MSCI World Ex Emu UCITS ETF;18MP;EUR
XB4N;Xtrackers II EUR Corporate Bond ex Financials UCITS ETF;XB4N;EUR
EXX7;iShares Nikkei 225 UCITS ETF DE;EXX7;EUR
ANRJ;Amundi ETF MSCI Europe Energy UCITS ETF;AMEE;EUR
X00K;Coba ETN 3x MDAXF Daily Long;X00K;EUR
X0CL;Coba ETC -4x Gold Daily Short;X0CL;EUR
DXS7;Xtrackers FTSE Vietnam Swap UCITS ETF;DXS7;EUR
GZUR;ETFS Physical Swiss Gold;GZUR;EUR
C023;ComStage ETF HSCEI UCITS ETF;C023;EUR
EXI3;iShares Dow Jones Industrial Average UCITS ETF DE;EXI3;EUR
EXW3;iShares STOXX Europe 50 DE;EXW3;EUR
EUFM;UBS ETF - MSCI EMU Select Factor Mix UCITS ETF;UIQN;EUR
XYPD;Xtrackers II iBoxx Eurozone Government Bond Yield Plus UCITS ETF;XYPD;EUR
FUSU;Fidelity US Quality Income UCITS ETF;FUSU;EUR
DXSP;Xtrackers Euro Stoxx 50 Short Daily Swap UCITS ETF;DXSP;EUR
W311;HAN-GINS Indxx Healthcare Innovation UCITS ETF;W311;EUR
WTIM;WisdomTree Eurozone Quality Dividend Growth UCITS ETF;WTIM;EUR
AEJ;Lyxor Msci AC Asia Pacific EX Japan UCITS ETF;LASP;EUR
X016;ComStage MSCI EM Eastern Europe ex-Russia TRN UCITS ETF;X016;EUR
DBX8;Xtrackers MSCI Korea UCITS ETF;DBX8;EUR
M9SQ;Market Access iSTOXX MUTB Japan Quality 150 Index UCITS ETF;M9SQ;EUR
DBXP;Xtrackers II Eurozone Government Bond 1-3 UCITS ETF;DBXP;EUR
BNK;Lyxor STOXX Europe 600 Banks UCITS ETF;LBNK;EUR
BNQG;Collateralized ETC on RICI Enhanced Gasoline TR Index;BNQG;EUR
XDWT;Xtrackers MSCI World Information Technology UCITS ETF;XDWT;EUR
EXSE;iShares STOXX Europe Small 200 UCITS ETF DE;EXSE;EUR
AFS;Lyxor MSCI South Africa UCITS ETF;LSAF;EUR
SRIC;BNP Paribas Easy EUR Corp Bond SRI Fossil Free UCITS ETF;ASRI;EUR
ELF0;Deka DAX ex Financials 30 UCITS ETF;ELF0;EUR
X0CM;Coba ETC 3x Silver Daily Long;X0CM;EUR
DNRA;AMUNDI INDEX MSCI NORTH AMERICA UCITS ETF DR;DNRA;EUR
XDWD;Xtrackers MSCI World UCITS ETF;XDWD;EUR
WTEE;WisdomTree Europe Equity Income UCITS ETF;WTEE;EUR
UBU5;UBS Irl ETF plc - MSCI USA Value UCITS ETF;UBU5;EUR
DXSL;Xtrackers Stoxx Europe 600 Industrial Goods Swap UCITS ETF;DXSL;EUR
CSW;Amundi Msci Switzerland;540J;EUR
EEE;BNP Paribas Easy FTSE EPRA/NAREIT Eurozone Capped UCITS ETF;IM2A;EUR
X025;ComStage ETF MSCI Europe Mid Cap TRN UCITS ETF;X025;EUR
C011;ComStage ETF Nasdaq-100 UCITS ETF;C011;EUR
DBPG;Xtrackers S&P 500 2x Leveraged Daily Swap UCITS ETF;DBPG;EUR
X0BC;Coba ETC 4x Cocoa Daily Long;X0BC;EUR
X00G;Coba ETN -3x DAXF Daily Short;X00G;EUR
ENAM;BNP Paribas Easy - MSCI North America EX Controversial Weapons UCITS ETF;ENOA;EUR
TNOW;Lyxor MSCI World Information Technology TR UCITS ETF;LYPG;EUR
X017;ComStage ETF MSCI Japan TRN UCITS ETF;X017;EUR
EL4M;Deka iBoxx EUR Liquid SOV DIV 3-5 UCITS ETF;EL4M;EUR
C40;Amundi Cac 40 UCITS ETF DR;GC40;EUR
EXSI;iShares EURO STOXX UCITS ETF DE;EXSI;EUR
X00M;Coba ETN -1x MDAXF Daily Short;X00M;EUR
CL2;Amundi ETF Leveraged MSCI Usa Daily UCITS ETF;18MF;EUR
B4NR;BNP Paribas Nickel Futures ETC;B4NR;EUR
UIM6;UBS ETF MSCI USA UCITS ETF;UIM6;EUR
XDWY;Xtrackers MSCI World High Dividend Yield UCITS ETF;XDWY;EUR
LCUW;Lyxor Core MSCI World DR UCITS ETF;LCUW;EUR
UIMI;UBS ETF-MSCI Emerging Markets UCITS ETF;UIMI;EUR
BNQE;Collateralized ETC on RICI Enhanced Natural Gas Crude Oil TR Index;BNQE;EUR
EHEN;ETFS EUR Daily Hedged Energy;EHEN;EUR
XBJP;ETFS Long USD Short EUR;XBJP;EUR
EL4I;Deka MSCI USA LC UCITS ETF;EL4I;EUR
UIM2;UBS ETF-Factor MSCI EMU Quality UCITS ETF;UIM2;EUR
UIMC;UBS ETF - Bloomberg Barclays MSCI Euro Area Liquid Corporates Sustainable UCITS;UIMC;EUR
CEC;Lyxor MSCI Eastern Europe EX Russia UCITS ETF;LEER;EUR
X0C7;Coba ETC -1x Natural Gas Daily Short;X0C7;EUR
XBJE;ETFS Long CNY Short USD;XBJE;EUR
C101;ComStage ETF Commerzbank FED Funds Effective Rate TR UCITS ETF;C101;EUR
C024;ComStage FTSE China A50 UCITS ETF;C024;EUR
X0DL;Coba ETN 3x SPXF Daily Long;X0DL;EUR
AWSRIE;UBS Irl ETF plc - MSCI ACWI Socially Responsible UCITS ETF;AW1R;EUR
PCFG;Boost Silver 3x Short Daily ETP;PCFG;EUR
O1LS;Boost WTI Oil 3x Short Daily ETP;O1LS;EUR
DBXH;Xtrackers II Global Inflation-Linked Bond UCITS ETF;DBXH;EUR
UTIW;Lyxor MSCI World Utilities TR UCITS ETF;LYPQ;EUR
DBXD;Xtrackers DAX UCITS ETF;DBXD;EUR
WOMV;Ossiam ETF World MINIMUM VARIANCE;OSXA;EUR
EL45;Deka MSCI Japan MC UCITS ETF;EL45;EUR
SJPS;ETFS Long JPY Short EUR;SJPS;EUR
DXSU;Xtrackers II USD Emerging Markets Bond UCITS ETF;DXSU;EUR
VZLE;ETFS Physical PM Basket;VZLE;EUR
EL44;Deka MSCI Japan UCITS ETF;EL44;EUR
MTF1;Lyxor EuroMTS 15+Y Investment Grade DR UCITS ETF;LYXF;EUR
XDJE;Xtrackers Nikkei 225 UCITS ETF;XDJE;EUR
C050;ComStage ETF EURO STOXX 50 NR UCITS ETF;C050;EUR
OD7J;ETFS Lean Hogs;OD7J;EUR
RS2K;Amundi Index Solutions-Amundi Russell 2000;RS2K;EUR
XGVD;Xtrackers II Global Government Bond UCITS ETF;XGVD;EUR
XD9U;Xtrackers MSCI USA UCITS ETF;XD9U;EUR
UEFD;UBS ETF MSCI EMU Small Cap UCI;UEFD;EUR
ETLR;L&G Japan Equity UCITS ETF;ETLR;EUR
SBU3;Boost Bund 10Y 3x Short Daily ETP;SBU3;EUR
WTDZ;Wisdomtree India Quality UCITS ETF;WTDZ;EUR
EL4B;Deka EURO STOXX 50 UCITS ETF;EL4B;EUR
XDN0;Xtrackers MSCI Nordic UCITS ETF;XDN0;EUR
XCS3;Xtrackers MSCI Malaysia UCITS ETF;XCS3;EUR
X040;Coba ETN 4x HSCEIF Daily Long;X040;EUR
EXH1;iShares STOXX Europe 600 Oil & Gas UCITS ETF DE;EXH1;EUR
EMXC;Lyxor MSCI Emerging Markets Ex China UCITS ETF;EMXC;EUR
UIQM;UBS Irl ETF PLC - MSCI World Select Factor Mix UCITS ETF;UIQM;EUR
4RUD;ETFS 2X Daily Long Nickel;4RUD;EUR
FGEU;Fidelity Global Quality Income UCITS ETF;FGEU;EUR
M9SB;Market Access RICI Agriculture Index UCITS ETF;M9SB;EUR
X0CY;Coba ETN 10x SCHATZF Daily Long;X0CY;EUR
INFU;Lyxor USD 10Y Inflation Expectations UCITS ETF;UINF;EUR
C025;ComStage MSCI Japan 100% Daily Hedge Euro UCITS ETF;C025;EUR
EXV5;iShares STOXX Europe 600 Automobiles & Parts UCITS ETF DE;EXV5;EUR
X018;ComStage Dow Jones Russia GDR TRN UCITS ETF;X018;EUR
XAD3;Xtrackers Physical Platinum EUR Hedged ETC;XAD3;EUR
8PSG;Invesco Physical Gold ETC;8PSG;EUR
LCUS;Lyxor Core Morningstar US DR UCITS ETF;LCUS;EUR
C052;ComStage ETF EURO STOXX 50 Daily Short GR UCITS ETF;C052;EUR
0LJE;Boost Gold ETC;0LJE;EUR
EXI2;iShares Dow Jones Global Titans 50 UCITS DE;EXI2;EUR
JPEUBH;UBS ETF - MSCI Japan hedged to EUR UCITS ETF;UEF2;EUR
WTDI;WisdomTree AT1 CoCo Bond UCITS ETF;WTDI;EUR
LNOE;ETFS Long NOK Short EUR;LNOE;EUR
0LJD;Boost Brent Oil ETC;0LJD;EUR
X0BD;Coba ETC -1x Cocoa Daily Short;X0BD;EUR
MA35;Lyxor EUROMTS Highest Rated Macro-Weighted Govt Bond 3-5Y DR UCITS ETF;LYS5;EUR
X04Q;Coba ETN -2x NDXF Daily Short;X04Q;EUR
BNQQ;Collateralized ETC on RICI Enhanced Nickel TR Index;BNQQ;EUR
D5BL;Xtrackers MSCI Europe Value UCITS ETF;D5BL;EUR
DX2G;Xtrackers CAC 40 UCITS ETF;DX2G;EUR
E571;ComStage CBK 10Y US-Treasury Future Short TR UCITS ETF;E571;EUR
E127;ComStage ETF MSCI Emerging Markets TRN UCITS ETF;E127;EUR
5CH6;ETFS 5x Short USD Long EUR;5CH6;EUR
BNQC;Collateralized ETC on RICI Enhanced BRENT Crude Oil TR Index;BNQC;EUR
C071;ComStage ETF STOXX Europe 600 Media NR UCITS ETF;C071;EUR
WTEC;WisdomTree US SmallCap Dividend UCITS ETF;WTEC;EUR
4RT2;ETFS 2X Daily Long Coffee;4RT2;EUR
X019;ComStage ETF MSCI Taiwan TRN UCITS ETF;X019;EUR
H4ZB;HSBC FTSE 100 UCITS ETF;H4ZB;EUR
EXH8;iShares STOXX Europe 600 Retail UCITS ETF DE;EXH8;EUR
X002;Coba ETC 2x Gold Daily Long;X002;EUR
CD6;Amundi ETF MSCI Europe Consumer Discretionary UCITS ETF;18M4;EUR
X00P;Coba ETN -3x MDAXF Daily Short;X00P;EUR
XY1D;Xtrackers II iBoxx Eurozone Government Bond Yield Plus 1-3 UCITS ETF;XY1D;EUR
XB4F;Xtrackers II ESG EUR Corporate Bond UCITS ETF;XB4F;EUR
9GAJ;ETFS Longer Dated Ex-Energy;9GAJ;EUR
WTD9;WisdomTree US Equity Income UCITS ETF;WTD9;EUR
BNQB;Collateralized ETC on BNP Paribas RICI Enhanced WTI TR Index;BNQB;EUR
RQFI;Xtrackers Harvest CSI300 UCITS ETF;RQFI;EUR
JPHE;Amundi Index Solutions-Amundi Jpx-Nikkei 400;JP4H;EUR
X0D6;Coba ETC 4x Natural Gas Daily Long;X0D6;EUR
DXS3;Xtrackers S&P 500 Inverse Daily Swap UCITS ETF;DXS3;EUR
ENERW;Lyxor MSCI World Energy TR UCITS ETF;LYPC;EUR
PCFD;Boost EURO STOXX 50 3x Leverage Daily ETP;PCFD;EUR
SEUB;ETFS Bearish EUR vs G10 Currency Basket Securities;SEUB;EUR
3QSS;Boost NASDAQ 100 3x Short Daily ETP;3QSS;EUR
LTM;Lyxor MSCI EM Latin America UCITS ETF;LLAM;EUR
D5BG;Xtrackers II EUR Corporate Bond UCITS ETF;D5BG;EUR
FRC4;UBS ETF - Bloomberg Barclays Euro Inflation Linked 10+ UCITS ETF;FRC4;EUR
00XK;ETFS EUR Daily Hedged All Commodities;00XK;EUR
BXX;Lyxor EURO STOXX 50 Daily -2x Inverse UCITS ETF;LSK8;EUR
BNQT;Collateralized ETC on RICI Enhanced Lead TR Index;BNQT;EUR
MFE;Lyxor Core MSCI EMU DR UCITS ETF;LMVF;EUR
BNQP;Collateralized ETC on RICI Enhanced COPPER TR Index;BNQP;EUR
DXSF;Xtrackers Stoxx Europe 600 Banks Swap UCITS ETF;DXSF;EUR
C022;ComStage ETF HSI UCITS ETF;C022;EUR
XDGE;Xtrackers USD Corporate Bond UCITS ETF;XDGE;EUR
5X61;ComStage ETF Commerzbank Bund-Future Leveraged TR UCITS ETF;5X61;EUR
D5BB;Xtrackers II Germany Government Bond UCITS ETF;D5BB;EUR
EVUS;BNP Paribas Easy Equity Value US UCITS ETF;EVUS;EUR
DXST;Xtrackers II iTraxx Crossover Short Daily Swap UCITS ETF;DXST;EUR
XCS6;Xtrackers MSCI China UCITS ETF;XCS6;EUR
XMK9;Xtrackers MSCI Japan UCITS ETF;XMK9;EUR
XBAE;Xtrackers II Global Aggregate Bond Swap UCITS ETF;XBAE;EUR
EXV7;iShares STOXX Europe 600 Chemicals UCITS ETF DE;EXV7;EUR
WTDX;WisdomTree Japan Equity UCITS ETF;WTDX;EUR
4RT4;ETFS 2X Daily Long Corn;4RT4;EUR
JPE51;ETFS 5x Short JPY Long EUR;JPE5;EUR
DX22;Xtrackers II EUR Overnight Rate Swap UCITS ETF;DX22;EUR
SGQI;Lyxor SG Global Quality Income NTR UCITS ETF;LGQI;EUR
4RTS;ETFS 2X Daily Long All Commodities;4RTS;EUR
UQLTE;UBS Irl ETF plc - Factor MSCI USA Quality UCITS ETF;UBUX;EUR
BCFU;UBS ETFs PLC - Bloomberg Commodity CMCI SF UCITS ETF;BCFU;USD
H41J;HSBC Multi Factor Worldwide Equity UCITS ETF;H41J;EUR
X0DP;Coba ETN -4x SPXF Daily Short;X0DP;EUR
00XQ;ETFS EUR Daily Hedged Precious Metals;00XQ;EUR
X0DR;Coba ETN 4x NDXF Daily Long;X0DR;EUR
EPRE;Amundi Ftse Epra Europe Real Estate UCITS ETF;REAL;EUR
EL4N;Deka iBoxx EUR Liquid SOV DIV 5-7 UCITS ETF;EL4N;EUR
ELLH;Lyxor Global Gender Equality DR UCITS ETF;ELLH;EUR
E043;ComStage LevDAX x2 UCITS ETF;E043;EUR
E950;ComStage 1 EURO STOXX 50 UCITS ETF;E950;EUR
X00N;Coba ETN -2x MDAXF Daily Short;X00N;EUR
X502;ComStage ETF iBoxx Liquid Sovereigns Diversified 1-3 TR UCITS ETF;X502;EUR
FUSD;Fidelity US Quality Income UCITS ETF;FUSD;EUR
X0C2;Coba ETC 2x Brent Oil Daily Long;X0C2;EUR
YIEL;Lyxor BofAML EUR High Yield Ex-Financial Bond UCITS ETF;LYQY;EUR
XBAG;Xtrackers II Global Aggregate Bond Swap UCITS ETF;XBAG;EUR
S5SD;UBS Irl ETF plc - S&P 500 ESG UCITS ETF;S5SD;EUR
C53;Amundi ETF Govt Bond Euromts Broad Investment Grade 5-7 UCITS ETF;18MZ;EUR
XBJD;ETFS Long SEK Short EUR;XBJD;EUR
OSXM;OSSIAM GLOBAL MULTI-ASSET RISK-CONTROL UCITS ETF;OSXM;EUR
XZMU;Xtrackers ESG MSCI USA UCITS ETF;XZMU;EUR
FINSW;Lyxor MSCI World Financials TR UCITS ETF;LYPD;EUR
XCS4;Xtrackers MSCI Thailand UCITS ETF;XCS4;EUR
H4ZE;HSBC MSCI EUROPE UCITS ETF;H4ZE;EUR
X00W;Coba ETN -2x TECDAXF Daily Short;X00W;EUR
XCTH;Xtrackers Energy Optimum Yield EUR Hedged ETC;XCTH;EUR
XDEW;Xtrackers S&P 500 Equal Weight UCITS ETF;XDEW;EUR
ANX;Amundi Nasdaq-100 ETF;6AQQ;EUR
ELF1;Deka MDAX UCITS ETF;ELF1;EUR
DXSV;Xtrackers II Eurozone Government Bond Short Daily Swap UCITS ETF;DXSV;EUR
XCTL;Xtrackers Brent Crude Oil Optimum Yield ETC EUR;XCTL;EUR
CIN;Amundi ETF MSCI Europe Industrials UCITS ETF;18M8;EUR
MDA;Lyxor STOXX Europe 600 Media UCITS ETF;LMDA;EUR
EXH2;iShares STOXX Europe 600 Financial Services UCITS ETF DE;EXH2;EUR
WTD8;WisdomTree Emerging Markets Equity Income UCITS ETF;WTD8;EUR
8520;ComStage ETF iBoxx Sovereigns Germany Capped 3m-2 TR UCITS ETF;8520;EUR
X04M;Coba ETN 1x NDXF Daily Long;X04M;EUR
X04X;Coba ETN -1x HSIF Daily Short;X04X;EUR
UIM5;UBS ETF-MSCI Japan UCITS ETF;UIM5;EUR
LYXV;Lyxor JP MORGAN EUROPE VALUE FACTOR UCITS ETF;LYXV;EUR
EL4Y;Deka STOXX Europe 50 UCITS ETF;EL4Y;EUR
SEAA;UBS ETF - J.P. Morgan USD EM Diversified Bond 1-5 UCITS ETF;SEAA;EUR
S5SG;UBS Irl ETF plc - S&P 500 ESG UCITS ETF;S5SG;EUR
C090;ComStage ETF Commerzbank Commodity ex-Agriculture EW Index TR UCITS ETF;C090;EUR
X0D4;Coba ETC -4x Brent Oil Daily Short;X0D4;EUR
DBX4;Xtrackers MSCI EM Europe, Middle East & Africa Swap UCITS ETF;DBX4;EUR
DXS6;Xtrackers MSCI Pacific ex Japan UCITS ETF;DXS6;EUR
X015;ComStage ETF MSCI Pacific ex Japan TRN UCITS ETF;X015;EUR
EUSRI;Amundi Index MSCI Europe SRI UCITS ETF DR;MIVB;EUR
EL49;Deka iBoxx EUR Liquid Corporates Diversified UCITS ETF;EL49;EUR
MEU;Lyxor MSCI Europe DR UCITS ETF;LYY5;EUR
LYQS;Lyxor IBOXX $ Liquid Emerging Markets Sovereigns UCITS ETF;LYQS;EUR
UCRP;Amundi Index US Corp SRI UCITS ETF DR;UCRP;EUR
C070;ComStage ETF STOXX Europe 600 Insurance NR UCITS ETF;C070;EUR
E901;ComStage 1 Dax UCITS ETF;E901;EUR
LESE;Lyxor MSCI EMU ESG Trend Leaders DR UCITS ETF;LESE;EUR
ETLX;L&G Gold Mining UCITS ETF;ETLX;EUR
MTD;Lyxor EuroMTS 7-10Y Investment Grade DR UCITS ETF;LYXD;EUR
10AH;AMUNDI INDEX MSCI WORLD UCITS ETF DR;10AH;EUR
X0BV;Coba ETC -2 x Palladium Daily Short Index;X0BV;EUR
3DEL1;Boost LevDAX 3x Daily ETP;3DEL;EUR
BNQA;Collateralized ETC on Brent Crude Oil;BNQA;EUR
C73;Amundi ETF Govt Bond Euromts Broad Investment Grade 7-10 UCITS ETF;18M0;EUR
X000;Coba ETN 3x HSCEIF Daily Long;X000;EUR
C020;ComStage ETF Nikkei 225 UCITS ETF;C020;EUR
4RUP;ETFS 2X Daily Long Cocoa;4RUP;EUR
ALQD;Xtrackers II USD Asia ex Japan Corporate Bond UCITS ETF;ALQD;EUR
9GAP;ETFS Longer Dated Grains;9GAP;EUR
D5BC;Xtrackers II Germany Government Bond 1-3 UCITS ETF;D5BC;EUR
X04F;Coba ETN 2x DJIAF Daily Long;X04F;EUR
REQR;Invesco RBIS Equal Risk Equity Europe UCITS ETF;REQR;EUR
UIM3;UBS ETF FTSE 100 UCITS ETF;UIM3;EUR
B4N8;Collateralized EUR Hedged RICI Enhanced Tin TR Index ETC;B4N8;EUR
EL40;Deka MSCI Emerging Markets UCITS ETF;EL40;EUR
EXSC;iShares STOXX Europe Large 200 UCITS ETF DE;EXSC;EUR
H4ZD;HSBC MSCI USA UCITS ETF;H4ZD;EUR
UES3;ETFS 3x Daily Short EURO STOXX 50;UES3;EUR
DXS1;Xtrackers II GBP Overnight Rate Swap UCITS ETF;DXS1;EUR
DX2D;Xtrackers LPX Private Equity Swap UCITS ETF;DX2D;EUR
EXHC;iShares eb.rexx Government Germany 2.5-5.5yr UCITS;EXHC;EUR
DX2X;Xtrackers Stoxx Europe 600 UCITS ETF;DX2X;EUR
XYLE;Xtrackers iBoxx USD Corporate Bond Yield Plus UCITS ETF;XYLE;EUR
M9SA;Market Access Rogers International Commodity Index UCITS ETF;M9SA;EUR
FUSA;Fidelity US Quality Income UCITS ETF;FUSA;EUR
TIUP;Lyxor Core US TIPS DR UCITS ETF;TIUP;EUR
EXSG;iShares EURO STOXX Select Dividend 30 UCITS ETF DE;EXSG;EUR
DBXS;Xtrackers Switzerland UCITS ETF;DBXS;EUR
C010;ComStage ETF Dow Jones Industrial Average TM UCITS ETF;C010;EUR
XHY1;Xtrackers II EUR High Yield Corporate Bond 1-3 Swap UCITS ETF;XHY1;EUR
MDBA;UBS ETF - Sustainable Development Bank Bonds UCITS ETF;MDBA;EUR
XBJG;ETFS Long INR Short USD;XBJG;EUR
XBAN;Xtrackers MSCI Bangladesh Swap UCITS ETF;XBAN;EUR
ETSYDEUR;UBS ETF-Factor MSCI EMU Total Shareholder Yield UCITS ETF;UIM8;EUR
UEF0;UBS ETF - Bloomberg Barclays US Liquid Corporates UCITS ETF;UEF0;EUR
UBU9;UBS Irl ETF plc - S&P 500 UCITS ETF;UBU9;EUR
4RTF;ETFS 1X Daily Short Silver;4RTF;EUR
SELT;Lyxor STOXX Europe Select Dividend 30 UCITS ETF;SELD;EUR
BNQ7;Collateralized ETC on RICI Enhanced BRENT TR Index;BNQ7;USD
XDWH;Xtrackers MSCI World Health Care UCITS ETF;XDWH;EUR
FTGG;First Trust Germany AlphaDEX UCITS ETF;FTGG;EUR
4RT3;ETFS 2X Daily Long Copper;4RT3;EUR
XDNY;Xtrackers JPX-Nikkei 400 UCITS ETF;XDNY;EUR
X505;ComStage ETF iBoxx Liquid Sovereigns Diversified 7-10 TR UCITS ETF;X505;EUR
MMS;Lyxor MSCI EMU Small Cap DR UCITS ETF;LGWU;EUR
PJSR;PIMCO Euro Short Maturity Source UCITS ETF;PJSR;EUR
USPY;L&G Cyber Security UCITS ETF;USPY;EUR
ELFD;Deka Eurozone Rendite Plus 1-10 UCITS ETF;ELFD;EUR
9GA7;ETFS 1X Daily Short Wti Crude Oil;9GA7;EUR
XMGD;Xtrackers Morningstar Global Quality Dividend UCITS ETF;XMGD;EUR
EXHA;iShares eb.rexx Government Germany UCITS ETF DE;EXHA;EUR
XBAK;Xtrackers MSCI Pakistan Swap UCITS ETF;XBAK;EUR
C067;ComStage ETF STOXX Europe 600 Food & Beverage NR UCITS ETF;C067;EUR
EL4H;Deka MSCI Europe LC UCITS ETF;EL4H;EUR
USRI;Amundi Index MSCI USA SRI UCITS ETF DR;GNAR;EUR
XPQP;Xtrackers MSCI Philippines UCITS ETF;XPQP;EUR
DXSH;Xtrackers Stoxx Europe 600 Technology Swap UCITS ETF;DXSH;EUR
OD7V;ETFS All Commodities;OD7V;EUR
CAPE;Ossiam Shiller Barclays Cape Europe Sector Value TR;EUPE;EUR
OD7Z;ETFS Industrial Metals;OD7Z;EUR
CE8;Amundi MSCI World EX Europe;CE8G;EUR
UBUS;UBS Irl ETF Plc - Factor MSCI USA Prime Value UCITS ETF;UBUS;EUR
XMKA;Xtrackers MSCI Africa TOP 50 Swap UCITS ETF;XMKA;EUR
X0C4;Coba ETC -2x Brent Oil Daily Short;X0C4;EUR
STAW;Lyxor MSCI World Consumer Staples TR UCITS ETF;LYPB;EUR
X0C5;Coba ETC 1x Natural Gas Daily Long;X0C5;EUR
X00H;Coba ETN -4x DAXF Daily Short;X00H;EUR
UEFS;UBS ETF - Bloomberg Barclays USD Emerging Markets Sovereign UCITS ETF;UEFS;EUR
DBXE;Xtrackers Euro Stoxx 50 UCITS ETF;DBXE;EUR
9GAK;ETFS Longer Dated Industrial Metals;9GAK;EUR
ECN;BNP Paribas Easy Low Carbon 100 Europe UCITS ETF;LCEU;EUR
CEUG;Amundi Msci Europe UCITS ETF;CEUG;EUR
H4ZQ;HSBC MSCI South Africa Capped UCITS ETF;H4ZQ;EUR
X0DC;Coba ETC 4x Copper Daily Long;X0DC;EUR
DBPD;Xtrackers ShortDAX x2 Daily Swap UCITS ETF;DBPD;EUR
XDWS;Xtrackers MSCI World Consumer Staples UCITS ETF;XDWS;EUR
SJPL;ETFS Short JPY Long EUR;SJPL;EUR
UBUR;UBS Irl ETF plc - Factor MSCI USA Low Volatility UCITS ETF;UBUR;EUR
USBS;ETFS Bullish USD vs Commodity Currency Basket Securities;USBS;EUR
EXXX;iShares ATX UCITS DE;EXXX;EUR
XY4P;Xtrackers II iBoxx Eurozone Government Bond Yield Plus UCITS ETF;XY4P;EUR
PR1Z;AMUNDI PRIME EUROZONE UCITS ETF DR;PR1Z;EUR
X001;Coba ETC 1x Gold Daily Long;X001;EUR
PR1W;AMUNDI PRIME GLOBAL UCITS ETF DR;PR1W;EUR
CT5;Amundi ETF MSCI Europe Communi;540C;EUR
X04V;Coba ETN 1x HSIF Daily Long;X04V;EUR
EVOE;BNP PARIBAS EASY Equity Low Vol Europe UCITS ETF;VLEU;EUR
EXH9;iShares STOXX Europe 600 Utilities UCITS ETF DE;EXH9;EUR
XG7S;Xtrackers II Global Government Bond UCITS ETF;XG7S;EUR
MTB1;Lyxor EuroMTS 3-5Y INVESTMENT GRADE DR UCITS ETF;LYQ3;EUR
X04Y;Coba ETN -2x HSIF Daily Short;X04Y;EUR
AEEM;Amundi Msci Emerging Markets UCITS ETF;AMEM;EUR
TUR;Lyxor MSCI Turkey UCITS ETF;LTUR;EUR
XGN5;Xtrackers II Germany Government Bond 3-5 Swap UCITS ETF;XGN5;EUR
X014;ComStage ETF MSCI Pacific TRN UCITS ETF;X014;EUR
XDNE;Xtrackers JPX-Nikkei 400 UCITS ETF;XDNE;EUR
X0BL;Coba ETC -1 x Platinum Daily Short Index;X0BL;EUR
EXV9;iShares STOXX Europe 600 Travel & Leisure UCITS ETF DE;EXV9;EUR
3BFS;Boost Brent Oil 3x Short Daily ETP;3BFS;EUR
FRCJ;UBS ETF - MSCI Japan Socially Responsible UCITS ETF;FRCJ;EUR
PAF;Lyxor Pan Africa UCITS ETF;LGQM;EUR
ROAI;Lyxor Robotics & AI UCITS ETF;ROAI;EUR
C002;ComStage ETF FR DAX UCITS ETF;C002;EUR
B4N3;Heating Oil ETC von BNPP B.V.;B4N3;EUR
VZLC;ETFS Physical Silver;VZLC;EUR
4RT8;ETFS 2X Daily Long Gold;4RT8;EUR
H4ZI;HSBC MSCI EM FAR EAST UCITS ETF;H4ZI;EUR
DBX6;Xtrackers MSCI Brazil UCITS ETF;DBX6;EUR
9GAQ;ETFS Longer Dated Natural Gas;9GAQ;EUR
B4N6;Collateralized EUR Hedged RICI Enhanced Nickel TR Index ETC;B4N6;EUR
X0CS;Coba ETN 10x BUNDF Daily Long;X0CS;EUR
UIM4;UBS ETF MSCI EMU UCITS ETF;UIM4;EUR
OSX6;OSSIAM Stoxx Europe 600 Equal Weight NR;OSX6;EUR
OSX4;OSSIAM ETF EUROPE MINIMUM VARIANCE NR;OSX4;EUR
EESM;BNP Paribas Easy - MSCI Europe Small Caps ex Controversial Weapons UCITS ETF;EESM;EUR
CHM;Lyxor STOXX Europe 600 Chemicals UCITS ETF;LCHM;EUR
SMRE;Amundi Index Solutions-Amundi Europe Equity Multi Smart Allocation Scientific Be;SMRE;EUR
UKEUBH;UBS ETF - MSCI United Kingdom hedged to EUR UCITS ETF;UEF3;EUR
HDEU;Invesco EURO STOXX High Dividend Low Volatility UCITS ETF;EHDV;EUR
X0E1;Coba ETC 1x Gasoil Daily Long Index;X0E1;EUR
0LJI;Boost EURO STOXX Banks 3x Leverage Daily ETP;0LJI;EUR
4RUH;ETFS 2X Daily Long Sugar;4RUH;EUR
C13;Amundi ETF Govt Bond Euromts Broad Investment Grade 1-3 UCITS ETF;18MX;EUR
HLTW;Lyxor MSCI World Health Care TR UCITS ETF;LYPE;EUR
DBXZ;Xtrackers FTSE All-Share UCITS ETF;DBXZ;EUR
H4ZV;HSBC MSCI MALAYSIA UCITS ETF;H4ZV;EUR
BNQL;Collateralized ETC on Palladium;BNQL;EUR
C540;ComStage ETF iBOXX Germany Covered Capped Overall TR UCITS ETF;C540;EUR
EL4L;Deka iBoxx EUR Liquid SOV DIV 1-3 UCITS ETF;EL4L;EUR
DSB;Lyxor Bund Daily -2x Inverse UCITS ETF;LYQK;EUR
X1G;Amundi Index Solutions-Amundi Govt Bond Lowest Rated Euromts Investment Grade;KX1G;EUR
00XP;ETFS EUR Daily Hedged Natural Gas;00XP;EUR
XBCD;Xtrackers II iBoxx Germany Covered Bond Swap UCITS ETF;XBCD;EUR
EMQQ1;EMQQ Emerging Markets Internet & Ecommerce UCITS ETF;EMQQ;EUR
DX2K;Xtrackers FTSE 100 Short Daily Swap UCITS ETF;DX2K;EUR
WTDQ;Wisdomtree EUR Aggregate Bond Enhanced Yield UCITS ETF;WTDQ;EUR
XUTE;Xtrackers II US Treasuries UCITS ETF;XUTE;EUR
WTEH;Wisdomtree Enhanced Commodity UCITS ETF;WTEH;EUR
PCFH;Boost Silver 3x Leverage Daily ETP;PCFH;EUR
EXH4;iShares STOXX Europe 600 Industrial Goods & Services UCITS ETF DE;EXH4;EUR
XBAT;Xtrackers II Eurozone AAA Government Bond Swap UCITS ETF;XBAT;EUR
X0CV;Coba ETN -10x BUNDF Daily Short;X0CV;EUR
CW8;Amundi Msci World ETF;AMEW;EUR
PHG;Lyxor STOXX Europe 600 Personal & Household Goods UCITS ETF;LPHG;EUR
X0CC;Coba ETN -1x HSCEIF Daily Short;X0CC;EUR
F701;ComStage Vermoegensstrategie UCITS ETF;F701;EUR
H4ZG;HSBC MSCI BRAZIL UCITS ETF;H4ZG;EUR
X0BU;Coba ETC -1 x Palladium Daily Short Index;X0BU;EUR
HCOE;L&G LOIM Global Government Bond Fundamental UCITS ETF;HCOE;EUR
EXHE;iShares Pfandbriefe UCITS ETF DE;EXHE;EUR
ECBD;UC Thomson Reuters Balanced European Convertible Bond UCITS ETF;ECBD;EUR
5CHE;ETFS 5x Short CHF Long EUR;5CHE;EUR
X0C6;Coba ETC 2x Natural Gas Daily Long;X0C6;EUR
DXSG;Xtrackers Stoxx Europe 600 Telecommunications Swap UCITS ETF;DXSG;EUR
UIMD;UBS ETF MSCI Pacific ex Japan UCITS ETF;UIMD;EUR
DBXC;Xtrackers II Eurozone Government Bond 10-15 UCITS ETF;DBXC;EUR
ACWI;Multi Units Luxembourg-Lyxor Msci All Country World Ucits Etf;LYY0;EUR
PCFC;Boost EURO STOXX 50 3x Short Daily ETP;PCFC;EUR
JPSRE;UBS ETF - MSCI Japan Socially Responsible UCITS ETF;U1FB;EUR
LOVG;BNP Paribas Easy-Equity Low Vol Germany;LOVG;EUR
INS;Lyxor STOXX Europe 600 Insurance UCITS ETF;LIRU;EUR
OD7D;ETFS Corn;OD7D;EUR
LEM;Lyxor MSCI Emerging Markets UCITS ETF;LYM7;EUR
LCUK;Lyxor Core Morningstar UK NT DR UCITS ETF;LCUK;EUR
C001;ComStage ETF DAX TR UCITS ETF;C001;EUR
C075;ComStage ETF STOXX Europe 600 Retail NR UCITS ETF;C075;EUR
MTI;Lyxor EuroMTS Inflation Linked Investment Grade DR UCITS ETF;LYQ7;EUR
BNQH;Collateralized ETC on RICI Enhanced Heating Oil Crude Oil TR Index;BNQH;EUR
C5S2;Amundi ETF Short Euro Stoxx 50 Daily UCITS ETF;18MS;EUR
EL4A;Deka DAX UCITS ETF;EL4A;EUR
C33;Amundi ETF Govt Bond Euromts Broad Investment Grade 3-5 UCITS ETF;18MY;EUR
EXS2;iShares TecDAX UCITS ETF DE;EXS2;EUR
X00R;Coba ETN 1x TECDAXF Daily Long;X00R;EUR
X0CG;Coba ETN -3x SX5EF Daily Short;X0CG;EUR
H4ZK;HSBC MSCI TURKEY UCITS ETF;H4ZK;EUR
X0BF;Coba ETC -3x Cocoa Daily Short;X0BF;EUR
ETLQ;L&G Global Equity UCITS ETF;ETLQ;EUR
MTE;Lyxor EuroMTS 10-15Y Investment Grade DR UCITS ETF;LYQ6;EUR
9GA9;ETFS 1X Daily Short Gold;9GA9;EUR
XRS2;Xtrackers Russell 2000 UCITS ETF;XRS2;EUR
BRE;Lyxor STOXX Europe 600 Basic Resources UCITS ETF;LBRE;EUR
M9SV;Market Access STOXX China A Minimum Variance Index UCITS ETF;M9SV;EUR
B4NW;BNP Paribas EUR Hedged Palladium ETC;B4NW;EUR
00XT;ETFS EUR Daily Hedged Brent Crude;00XT;EUR
C065;ComStage ETF STOXX Europe 600 Construction & Materials NR UCITS ETF;C065;EUR
8522;ComStage ETF iBoxx Sovereigns Germany Capped 5-10 TR UCITS ETF;8522;EUR
EL4X;Deka DAXplus Maximum Dividend UCITS ETF;EL4X;EUR
4RUB;ETFS 2X Daily Long Live Cattle;4RUB;EUR
5X63;ComStage ETF Commerzbank Bund-Future Double Short TR UCITS ETF;5X63;EUR
DBXG;Xtrackers II Eurozone Government Bond 25+ UCITS ETF;DBXG;EUR
CSH1;Lyxor Euro Overnight Return UCITS ETF;L8I3;EUR
X504;ComStage ETF iBoxx Liquid Sovereigns Diversified 5-7 TR UCITS ETF;X504;EUR
AH50;Xtrackers Harvest FTSE China A-H 50 UCITS ETF;AH50;EUR
DX2J;Xtrackers MSCI Europe Small Cap UCITS ETF;DX2J;EUR
ETLE;L&G Longer Dated All Commodities ex-Agriculture and Livestock UCITS ETF;ETLE;EUR
BNQJ;Collateralized ETC on Gold;BNQJ;EUR
ETLS;L&G US Equity UCITS ETF;ETLS;EUR
WLD;Lyxor MSCI World UCITS ETF;LYYA;EUR
BNQN;Collateralized ETC on RICI Enhanced ALUMINIUM TR Index;BNQN;EUR
H4ZF;HSBC S&P 500 UCITS ETF;H4ZF;EUR
X0CN;Coba ETC 4x Silver Daily Long;X0CN;EUR
C5E;Amundi ETF Stoxx Europe 50 UCITS ETF;AE50;EUR
VLUU;BNP PARIBAS EASY Equity Low Vol US UCITS ETF;VLUU;USD
X04C;Coba ETN -1x SX5EF Daily Short;X04C;EUR
ZPRB;SPDR MSCI EM Beyond BRIC UCITS ETF;ZPRB;EUR
XESQ;Xtrackers Eurozone Government Bond Quality Weighted UCITS ETF;XESQ;EUR
OD7I;ETFS Heating Oil;OD7I;EUR
UIQK;UBS ETFs plc - CMCI Composite SF UCITS ETF;UIQK;EUR
XCS5;Xtrackers MSCI India Swap UCITS ETF;XCS5;EUR
UIMZ;UBS ETF-Factor MSCI EMU Prime Value UCITS ETF;UIMZ;EUR
9GA3;ETFS 1X Daily Short Coffee;9GA3;EUR
SRIE;BNP Paribas Easy MSCI Europe SRI UCITS ETF;ZSRI;EUR
C069;ComStage ETF STOXX Europe 600 Industrial Goods & Services NR UCITS ETF;C069;EUR
C051;ComStage ETF EURO STOXX Select Dividend 30 NR UCITS ETF;C051;EUR
X04J;Coba ETN 2x SPXF Daily Long;X04J;EUR
0LJH;Boost Short USD Long EUR 5x Daily ETP;0LJH;EUR
FRNU;Amundi Floating Rate USD Corporate UCITS ETF;FRNU;EUR
C6E;Amundi Index Solutions-Amundi Stoxx Europe 600;AME6;EUR
FRC3;UBS ETF - Bloomberg Barclays Euro Inflation Linked 1-10 UCITS ETF;FRC3;EUR
WTEI;WisdomTree Emerging Markets Equity Income UCITS ETF;WTEI;EUR
EL4Q;Deka iBoxx EUR Liquid SOV DIV 10+ UCITS ETF;EL4Q;EUR
4RUA;ETFS 2X Daily Long Lean Hogs;4RUA;EUR
EMMV;OSSIAM ETF EMERGING MARKETS MINIMUM VARIANCE;OSX9;EUR
X0CK;Coba ETC -3x Gold Daily Short;X0CK;EUR
CD40;ComStage ETF CAC 40 UCITS ETF;CD40;EUR
OD7H;ETFS Gold;OD7H;EUR
E907;ComStage 1 MDAX UCITS ETF;E907;EUR
9GAM;ETFS Longer Dated Softs;9GAM;EUR
EL4D;Deka STOXX Europe Strong Value 20 UCITS ETF;EL4D;EUR
OD7B;ETFS Coffee;OD7B;EUR
XHYA;Xtrackers II EUR High Yield Corporate Bond UCITS ETF;XHYA;EUR
XDWM;Xtrackers MSCI World Materials UCITS ETF;XDWM;EUR
H4ZP;HSBC MSCI CHINA UCITS ETF;H4ZP;EUR
EL4J;Deka MSCI Japan LC UCITS ETF;EL4J;EUR
UEFZ;UBS-ETF SBI Foreign AAA-BBB 5-10 UCITS ETF;UEFZ;EUR
FTGU;First Trust US Large Cap Core AlphaDEX UCITS ETF;FTGU;EUR
10AK;AMUNDI INDEX JP MORGAN GBI GLOBAL GOVIES UCITS ETF DR;10AK;EUR
X0B9;Coba ETC 1x Cocoa Daily Long;X0B9;EUR
PPP;ComStage ETF PSI 20 UCITS ETF;CD47;EUR
UIMM;UBS ETF-MSCI World Socially Responsible UCITS ETF;UIMM;EUR
B4N2;Gasoline Benzin ETC von;B4N2;EUR
X0CF;Coba ETN 4x SX5EF Daily Long;X0CF;EUR
EXX2;iShares EURO STOXX Telecommunications 30-15 UCITS ETF DE;EXX2;EUR
WTD7;WisdomTree Europe SmallCap Dividend UCITS ETF;WTD7;EUR
UIM7;UBS ETF MSCI World UCITS ETF;UIM7;EUR
SRIJ;BNP Paribas Easy MSCI Japan SRI UCITS ETF;JSRI;EUR
MKTN;Amundi ETF iSTOXX Europe Multi-Factor Market Neutral UCITS ETF;SMRN;EUR
DBX1;Xtrackers MSCI Emerging Markets Swap UCITS ETF;DBX1;EUR
XBO2;Xtrackers II Italy Government Bond 0-1 UCITS ETF;XBO2;EUR
X0D9;Coba ETC 1x Copper Daily Long;X0D9;EUR
X049;Coba ETN -10x SCHATZF Daily Short;X049;EUR
E573;ComStage CBK US-Treasury Bond Future Double Short UCITS ETF;E573;EUR
4RT7;ETFS 2X Daily Long Gasoline;4RT7;EUR
00XM;ETFS EUR Daily Hedged WTI Crude Oil;00XM;EUR
IROB;L&G ROBO Global Robotics and Automation UCITS ETF;IROB;EUR
XAD5;Xtrackers Physical Gold ETC EUR;XAD5;EUR
H4Z9;HSBC MSCI KOREA UCITS ETF;H4Z9;EUR
FIN;Lyxor STOXX Europe 600 Financial Services UCITS ETF;LFIN;EUR
UBUU;UBS Irl ETF plc - Factor MSCI USA Total Shareholder Yield UCITS ETF;UBUU;EUR
UEFL;UBS ETF-Markit iBoxx EURO Germany 1-3 UCITS ETF;UEFL;EUR
C030;ComStage Dow Jones Switzerland Titans 30 UCITS ETF;C030;EUR
EXV6;iShares STOXX Europe 600 Basic Resources UCITS ETF DE;EXV6;EUR
FGEQ;Fidelity Global Quality Income UCITS ETF;FGEQ;EUR
EXXW;iShares Dow Jones Asia Pacific Select Dividend 3 UCITS DE;EXXW;EUR
AHYE;Amundi Index Solutions-Amundi Euro High Yield Liquid Bond Iboxx;AHYE;EUR
SEAC;UBS ETF-MSCI World Socially Responsible UCITS ETF;SEAC;EUR
DX2S;Xtrackers S&P ASX 200 UCITS ETF;DX2S;EUR
MUAT;Lyxor FTSE EPRA/NAREIT United States UCITS ETF;LYEU;EUR
X0D8;Coba ETC -4x Natural Gas Daily Short;X0D8;EUR
DBXJ;Xtrackers MSCI Japan UCITS ETF;DBXJ;EUR
C062;ComStage ETF STOXX Europe 600 Banks NR UCITS ETF;C062;EUR
0LJJ;Boost EURO STOXX Banks 3x Short Daily ETP;0LJJ;EUR
EFQ2;Deka Deutsche Borse EUROGOV France UCITS ETF;EFQ2;EUR
CRN;Lyxor Commodities Thomson Reuters/CoreCommodity CRB EX-Energy TR UCITS ETF;LCTR;EUR
H4ZC;HSBC MSCI JAPAN UCITS ETF;H4ZC;EUR
X00I;Coba ETN 1x MDAXF Daily Long;X00I;EUR
VAGE;Vanguard Global Aggregate Bond UCITS ETF;VAGE;EUR
CCNV;UC AXI Global CoCo Bonds UCITS ETF;CCNV;EUR
CST;Lyxor STOXX Europe 600 Construction & Materials UCITS ETF;LCST;EUR
BYBE;Amundi S&P 500 Buyback UCITS ETF;B500;EUR
00XJ;ETFS EUR Daily Hedged Agriculture;00XJ;EUR
X006;Coba ETC 2x Silver Daily Long;X006;EUR
EXVM;iShares eb.rexx Government Germany 0-1yr UCITS ETF DE;EXVM;EUR
GSCE;BNP Paribas Easy Energy & Metals Enhanced Roll/ETF;GSDE;EUR
UETE;UBS ETF - MSCI Emerging Markets Socially Responsible UCITS ETF;UETE;EUR
SMLC;CSOP Source FTSE China A50 UCITS ETF;SMLC;EUR
EXS1;iShares Core DAX UCITS ETF DE;EXS1;EUR
UBUN;UBS Irl ETF plc - MSCI EMU Cyclical UCITS ETF;UBUN;EUR
GBSE1;ETFS EUR Daily Hedged Physical Gold;GBSE;EUR
UIQI;UBS ETFs plc - MSCI AC Asia ex Japan SF UCITS ETF;UIQI;EUR
F750;ComStage Alpha Dividende Plus UCITS ETF;F750;EUR
EXXU;iShares Dow Jones China Offshore 50 UCITS DE;EXXU;EUR
B4N7;Collateralized EUR Hedged RICI Enhanced Zinc TR Index ETC;B4N7;EUR
VZLD;ETFS Physical Gold;VZLD;EUR
CU1;Amundi ETF MSCI UK UCITS ETF;540K;EUR
UEFE;UBS ETF - JP Morgan EM Multi-Factor Enhanced Local Currency Bond UCITS ETF;UEFE;EUR
UIQL;UBS ETF Bloomberg Barclays EUR High Quality Liquid Assets 1-5 Bond UCITS ETF;UIQL;EUR
0LJC;Boost WTI Oil ETC;0LJC;EUR
10AJ;AMUNDI INDEX FTSE EPRA NAREIT GLOBAL UCITS ETF DR;10AJ;EUR
DBPE;Xtrackers LevDAX Daily Swap UCITS ETF;DBPE;EUR
H4ZA;HSBC EURO STOXX 50 UCITS ETF;H4ZA;EUR
F751;ComStage Alpha Deutschland Dividende Plus UCITS ETF;F751;EUR
X507;ComStage ETF iBoxx Liquid Sovereigns Diversified 10-15 TR UCITS ETF;X507;EUR
XHYG;Xtrackers II EUR High Yield Corporate Bond UCITS ETF;XHYG;EUR
EL4C;Deka STOXX Europe Strong Growth 20 UCITS ETF;EL4C;EUR
XGIU;Xtrackers II Global Inflation-Linked Bond UCITS ETF;XGIU;EUR
X0D1;Coba ETC 3x Brent Oil Daily Long;X0D1;EUR
CN1;Amundi Index Solutions-Amundi Msci Nordic;CN1G;EUR
0LJG;Boost Long USD Short EUR 5x Daily ETP;0LJG;EUR
4RUC;ETFS 2X Daily Long Natural Gas;4RUC;EUR
X0D7;Coba ETC -3x Natural Gas Daily Short;X0D7;EUR
X0BH;Coba ETC 1 x Platinum Daily Long Index;X0BH;EUR
C053;ComStage ETF EURO STOXX 50 Daily Leverage UCITS ETF;C053;EUR
C006;ComStage ETF FAZ Index UCITS ETF;C006;EUR
DXSI;Xtrackers Stoxx Europe 600 Utilities Swap UCITS ETF;DXSI;EUR
H41K;HSBC MSCI China A Inclusion UCITS ETF;H41K;EUR
SHEME;UBS ETF - J.P. Morgan USD EM Diversified Bond 1-5 UCITS ETF;SEAB;EUR
C078;ComStage ETF STOXX Europe 600 Travel & Leisure NR UCITS ETF;C078;EUR
OD7N;ETFS Silver;OD7N;EUR
LVO1;Lyxor S&P 500 VIX Futures Enhanced Roll UCITS ETF;VOOL;EUR
XUTC;Xtrackers MSCI USA Information Technology UCITS ETF;XUTC;EUR
FOO;Lyxor STOXX Europe 600 Food & Beverage UCITS ETF;LFOD;EUR
H4ZU;HSBC MSCI Taiwan Capped UCITS ETF;H4ZU;EUR
STXH;Lyxor Core STOXX Europe 600 DR;STXH;EUR
X0CE;Coba ETN 3x SX5EF Daily Long;X0CE;EUR
XAIN;Xtrackers MSCI Indonesia Swap UCITS ETF;XAIN;EUR
OESB;ETFS WTI 2mth Oil Securities;OESB;EUR
UEF6;UBS ETF - Bloomberg Barclays Euro Area Liquid Corporates 1-5 Year UCITS ETF;UEF6;EUR
CCXAE;UBS ETFs plc - CMCI ex-Agriculture SF UCITS ETF;UIQ1;EUR
XD5E;Xtrackers MSCI EMU UCITS ETF;XD5E;EUR
ELFW;Deka MSCI World UCITS ETF;ELFW;EUR
DXSQ;Xtrackers II iTraxx Europe Swap UCITS ETF;DXSQ;EUR
JPN;Lyxor Japan TOPIX DR UCITS ETF;LYY4;EUR
DSD;Lyxor Daily ShortDAX x2 UCITS ETF;LYQL;EUR
C3M;Amundi ETF Govies 0-6 Months Euromts Investment Grade UCITF ETF;18M1;EUR
ES5R;Europe SectorTrend UCITS ETF - R;ES5R;EUR
MDBU;UBS ETF - Sustainable Development Bank Bonds UCITS ETF;MDBU;EUR
SCHE;ETFS Short CHF Long EUR;SCHE;EUR
XDJP;Xtrackers Nikkei 225 UCITS ETF;XDJP;EUR
WTDS;WisdomTree EUR Government Bond Enhanced Yield UCITS ETF;WTDS;EUR
VWRL;Vanguard FTSE All-World UCITS ETF;VGWL;EUR
BATE;L&G Battery Value-Chain UCITS ETF;BATE;EUR
C076;ComStage ETF STOXX Europe 600 Technology NR UCITS ETF;C076;EUR
X0B8;Coba ETC -4x WTI Oil Daily Short;X0B8;EUR
OSXC;OSSIAM RISK WEIGHTED ENHANCED COMMODITY EX GRAINS TR UCITS ETF;OSXC;EUR
C073;ComStage ETF STOXX Europe 600 Personal & Household Goods NR UCITS ETF;C073;EUR
X0CI;Coba ETC 3x Gold Daily Long;X0CI;EUR
X0DI;Coba ETN 4x DJIAF Daily Long;X0DI;EUR
XDWI;Xtrackers MSCI World Industrials UCITS ETF;XDWI;EUR
8530;ComStage ETF iBoxx Sovereigns Inflation-Linked Euro-Inflation TR UCITS ETF;8530;EUR
XDEM;Xtrackers MSCI World Momentum UCITS ETF;XDEM;EUR
EL4T;Deka DB EUROGOV Germany 3-5 UCITS ETF;EL4T;EUR
X00B;Coba ETN 2x DAXF Daily Long;X00B;EUR
B4N1;Gasoil Diesel ETC von BNPP;B4N1;EUR
XMOV;Xtrackers Future Mobility UCITS ETF;XMOV;EUR
VLUD;BNP PARIBAS EASY Equity Low Vol US UCITS ETF;VLUD;EUR
XSXE;Xtrackers Stoxx Europe 600 UCITS ETF;XSXE;EUR
C2U;Amundi ETF Short MSCI USA Daily UCITS ETF;GC2U;EUR
EJAH;BNP Paribas Easy - MSCI Japan ex Controversial Weapons UCITS ETF;EJAH;EUR
X00L;Coba ETN 4x MDAXF Daily Long;X00L;EUR
X00C;Coba ETN 3x DAXF Daily Long;X00C;EUR
4RUJ;ETFS 2X Daily Long Wheat;4RUJ;EUR
EXH5;iShares STOXX Europe 600 Insurance UCITS ETF DE;EXH5;EUR
C066;ComStage ETF STOXX Europe 600 Financial Services NR UCITS ETF;C066;EUR
CI1;Amundi ETF MSCI Italy UCITS ETF;GCI1;EUR
XG71;Xtrackers II Germany Government Bond 7-10 Swap UCITS ETF;XG71;EUR
ESEH;BNP Paribas Easy S&P 500 UCITS ETF;ESEH;EUR
AUT;Lyxor STOXX Europe 600 Automobiles & Parts UCITS ETF;LAUT;EUR
X00S;Coba ETN 2x TECDAXF Daily Long;X00S;EUR
XAD4;Xtrackers Physical Palladium EUR Hedged ETC;XAD4;EUR
OOEB;ETFS Longer Dated Brent Crude;OOEB;EUR
BSX;Lyxor EURO STOXX 50 Daily -1x Inverse UCITS ETF;LSK7;EUR
REUSE;BNP Paribas Easy ECPI Circular Economy Leaders UCITS ETF;EMEC;EUR
JBEM;BNP Paribas Easy JPM GBI EMU UCITS ETF;JBEM;EUR
DBXV;Xtrackers MSCI Russia Capped Swap UCITS ETF;DBXV;EUR
X0BA;Coba ETC 2x Cocoa Daily Long;X0BA;EUR
EUHA;PIMCO Euro Short-Term High Yield Corporate Bond Index Source UCITS ETF;EUHA;EUR
X13G;Amundi Index Solutions Amundi Govt Bond Lowest Rated Euromts Investment Grade1-3;X13G;EUR
VECA;Vanguard EUR Corporate Bond UCITS ETF;VECA;EUR
NDXH;Amundi Nasdaq-100 ETF;HNDX;EUR
DBZN;Xtrackers DB Bloomberg Commodity Optimum Yield Swap UCITS ETF;DBZN;EUR
CU5;Amundi ETF MSCI Europe Utilities UCITS ETF;540D;EUR
XDEP;Xtrackers iBoxx EUR Corporate Bond Yield Plus UCITS ETF;XDEP;EUR
EISR;BNP Paribas Easy - MSCI Emerging Markets SRI UCITS ETF;XU6C;EUR
OD73;ETFS Precious Metals;OD73;EUR
NGXS;Boost Natural Gas 3x Short Daily ETP;NGXS;EUR
X509;ComStage ETF iBoxx Liquid Sovereigns Diversified 25+ TR UCITS ETF;X509;EUR
C077;ComStage ETF STOXX Europe 600 Telecommunications NR UCITS ETF;C077;EUR
EXV1;iShares STOXX Europe 600 Banks UCITS ETF DE;EXV1;EUR
D5BE;Xtrackers II US Treasuries 1-3 UCITS ETF;D5BE;EUR
LCUJ;Lyxor Core MSCI Japan DR UCITS ETF;LCUJ;EUR
UEFR;UBS ETF - Bloomberg Barclays Euro Area Liquid Corporates UCITS ETF;UEFR;EUR
X0BG;Coba ETC -4x Cocoa Daily Short;X0BG;EUR
X00T;Coba ETN 3x TECDAXF Daily Long;X00T;EUR
EEMK;BNP Paribas Easy - MSCI Emerging Markets ex Controversial Weapons UCITS ETF;EMKX;EUR
X009;Coba ETN -5x SCHATZF Daily Short;X009;EUR
XDND;Xtrackers MSCI North America High Dividend Yield UCITS ETF;XDND;EUR
C8M;Amundi ETF MSCI Europe Materials UCITS ETF;540B;EUR
DX2Z;Xtrackers S&P Select Frontier Swap UCITS ETF;DX2Z;EUR
MOED;BNP PARIBAS EASY Equity Momentum Europe UCITS ETF;MOED;EUR
ETLK;L&G Asia Pacific ex Japan Equity UCITS ETF;ETLK;EUR
LYY8;Lyxor Daily LevDAX UCITS ETF;LYY8;EUR
OD7P;ETFS Soybean Oil;OD7P;EUR
M9SC;Market Access RICI Metals Index UCITS ETF;M9SC;EUR
WTEZ;Wisdomtree Germany Equity UCITS ETF;WTEZ;EUR
TNO;Lyxor STOXX Europe 600 Technology UCITS ETF;LTUG;EUR
ESM;Amundi ETF Euro Stoxx Small Cap UCITS ETF;ZESM;EUR
DBX7;Xtrackers Nifty 50 Swap UCITS ETF;DBX7;EUR
DVEU;SOURCE FTSE RAFI Europe Equity Income Physical UCITS ETF;DVEU;EUR
8H81;ComStage ETF FTSE 100 TR UCITS ETF;8H81;EUR
X00E;Coba ETN -1x DAXF Daily Short;X00E;EUR
DXSZ;Xtrackers II USD Overnight Rate Swap UCITS ETF;DXSZ;EUR
EMOM;BNP PARIBAS EASY Equity Momentum Europe UCITS ETF;MOEU;EUR
TWN;Lyxor MSCI Taiwan UCITS ETF;LTWN;EUR
EL4U;Deka DB EUROGOV Germany 5-10 UCITS ETF;EL4U;EUR
MTX1;Lyxor EuroMTS All-Maturity Investment Grade DR UCITS ETF;LYQ1;EUR
US9S;Boost US S&P500 3x Short Daily ETP;US9S;EUR
GY3L;ETFS 3x Daily Long DAX 30;GY3L;EUR
KRW;Lyxor MSCI Korea UCITS ETF;LKOR;EUR
MCEU;Amundi Index Solutions-Amundi Msci Europe Momentum Factor;MJMT;EUR
OD7U;ETFS Agriculture;OD7U;EUR
AFRN;Amundi Index Solutions-Amundi Floating Rate Euro Corporate 1-3;FRNE;EUR
H4ZW;HSBC MSCI EM LATIN AMERICA UCITS ETF;H4ZW;EUR
E044;ComStage ShortMDAX UCITS ETF;E044;EUR
XUEM;Xtrackers II USD Emerging Markets Bond UCITS ETF;XUEM;EUR
3QQQ;Boost NASDAQ 100 3x Leverage Daily ETP;3QQQ;EUR
TIP10D;UBS ETF - Bloomberg Barclays TIPS 10+ UCITS ETF;UIMB;EUR
X0BE;Coba ETC -2x Cocoa Daily Short;X0BE;EUR
UIMF;UBS ETF MSCI Europe UCITS ETF;UIMF;EUR
PCFP;Boost Gold 3x Leverage Daily ETP;PCFP;EUR
X00U;Coba ETN 4x TECDAXF Daily Long;X00U;EUR
PR1J;AMUNDI PRIME JAPAN UCITS ETF DR;PR1J;EUR
INDGW;Lyxor MSCI World Industrials TR UCITS ETF;LYPF;EUR
DEL2;L&G DAX Daily 2x Long UCITS ETF;DEL2;EUR
OD7K;ETFS Live Cattle;OD7K;EUR
X0B1;Coba ETC 1x WTI Oil Daily Long;X0B1;EUR
H4ZM;HSBC MSCI RUSSIA CAPPED UCITS ETF $;H4ZM;EUR
EMEH;BNP Paribas Easy Energy & Metals Enhanced Roll/ETF;EMEH;EUR
CC1;Amundi Index Solutions-Amundi Msci China;18MG;EUR
XMWK;Boost Enhanced Energy ETC;XMWK;EUR
X011;ComStage ETF MSCI Europe TRN UCITS ETF;X011;EUR
EXI5;iShares STOXX Europe 600 Real Estate UCITS ETF DE;EXI5;EUR
X0D5;Coba ETC 3x Natural Gas Daily Long;X0D5;EUR
3E3S;Boost Emerging Markets 3x Short Daily ETP;3E3S;EUR
WTIF;WisdomTree Japan Equity UCITS ETF;WTIF;EUR
X007;Coba ETC -1x Silver Daily Short;X007;EUR
C031;ComStage ETF ATX UCITS ETF;C031;EUR
LYPT;Lyxor MSCI Canada UCITS ETF;LYPT;EUR
OD7S;ETFS Wheat;OD7S;EUR
DX2I;Xtrackers MSCI Europe Mid Cap UCITS ETF;DX2I;EUR
MSE;Lyxor EURO STOXX 50 DR UCITS ETF;LYSX;EUR
XUCS;Xtrackers MSCI USA Consumer Staples UCITS ETF;XUCS;EUR
XDEV;Xtrackers MSCI World Value UCITS ETF;XDEV;EUR
MAA;Lyxor EuroMTS Highest Rated Macro-Weighted Govt Bond DR UCITS ETF;LYXA;EUR
XMAW;Xtrackers MSCI AC World UCITS ETF;XMAW;EUR
XETC;Xtrackers Brent Crude Oil Optimum Yield EUR Hedged ETC;XETC;EUR
X0CB;Coba ETN 2x HSCEIF Daily Long;X0CB;EUR
500H;Amundi S&P 500 UCITS ETF;H1D5;EUR
OD7E;ETFS Cotton;OD7E;EUR
CI3;Amundi ETF Euro Inflation UCITS ETF;18MU;EUR
VZLA;ETFS Physical Platinum;VZLA;EUR
CAMX;Lyxor Commodities Thomson Reuters/CoreCommodity CRB EX-Agriculture TR UCITS ETF;CAMX;EUR
8523;ComStage ETF iBoxx Sovereigns Germany Capped 10+ TR UCITS ETF;8523;EUR
HSI;Lyxor Hong Kong HSI UCITS ETF;LHKG;EUR
X0DB;Coba ETC 3x Copper Daily Long;X0DB;EUR
UIMR;UBS ETF - MSCI EMU Socially Responsible UCITS ETF;UIMR;EUR
X00X;Coba ETN -4x HSIF Daily Short;X00X;EUR
XZW0;Xtrackers ESG MSCI World UCITS ETF;XZW0;EUR
H41I;HSBC Economic Scale Worldwide Equity UCITS ETF;H41I;EUR
EXV8;iShares STOXX Europe 600 Construction & Materials UCITS ETF DE;EXV8;EUR
EXX6;iShares eb.rexx Government Germany 10.5yr UCITS ETF DE;EXX6;EUR
TEL;Lyxor STOXX Europe 600 Telecommunications UCITS ETF;LTCM;EUR
O1LL;Boost WTI Oil 3x Leverage Daily ETP;O1LL;EUR
C072;ComStage ETF STOXX Europe 600 Oil & Gas NR UCITS ETF;C072;EUR
X03C;Xtrackers II Eurozone Government Bond 3-5 UCITS ETF;X03C;EUR
X04K;Coba ETN -1x SPXF Daily Short;X04K;EUR
UIMT;UBS ETF-MSCI Pacific Socially Responsible UCITS ETF;UIMT;EUR
EJP51;ETFS 5x Long JPY Short EUR;EJP5;EUR
XYLD;Xtrackers iBoxx USD Corporate Bond Yield Plus UCITS ETF;XYLD;EUR
XDGM;Xtrackers Germany Mittelstand & MidCap UCITS ETF;XDGM;EUR
XCHA;Xtrackers CSI300 Swap UCITS ETF;XCHA;EUR
X04G;Coba ETN -1x DJIAF Daily Short;X04G;EUR
AFLE;Amundi Floating Rate USD Corporate UCITS ETF;FRNH;EUR
EXSA;iShares STOXX Europe 600 UCITS ETF DE;EXSA;EUR
X0C0;Coba ETN -3x HSCEIF Daily Short;X0C0;EUR
GY3S;ETFS 3x Daily Short DAX 30;GY3S;EUR
UIMY;UBS ETF-Factor MSCI EMU Low Volatility UCITS ETF;UIMY;EUR
ULOVE;UBS Irl ETF plc - Factor MSCI USA Low Volatility UCITS ETF;UBUV;EUR
5CH3;ETFS 5x Long CHF Short EUR;5CH3;EUR
C079;ComStage ETF STOXX Europe 600 Utilities NR UCITS ETF;C079;EUR
XUFN;Xtrackers MSCI USA Financials UCITS ETF;XUFN;EUR
9GAH;ETFS Longer Dated Petroleum;9GAH;EUR
DXIBX;Xtrackers Spain UCITS ETF;XESP;EUR
EXXY;iShares Diversified Commodity Swap UCITS ETF DE;EXXY;EUR
BNQV;Collateralized ETC on RICI Enhanced INDUSTRIAL METALS TR Index;BNQV;EUR
X0CA;Coba ETN 1x HSCEIF Daily Long;X0CA;EUR
WTEU;WisdomTree US Equity Income UCITS ETF;WTEU;EUR
UEQ7;UBS Irl ETF plc - S&P 500 UCITS ETF;UEQ7;EUR
WTIC;Wisdomtree Enhanced Commodity UCITS ETF;WTIC;EUR
XGII;Xtrackers II Global Inflation-Linked Bond UCITS ETF;XGII;EUR
OD7X;ETFS Ex-Energy;OD7X;EUR
XD5F;Xtrackers Euro Stoxx 50 ex Financials UCITS ETF;XD5F;EUR
B4NU;BNP Paribas Lead ETC;B4NU;EUR
4RUE;ETFS 2X Daily Long Silver;4RUE;EUR
OD7W;ETFS Energy;OD7W;EUR
DXSW;Xtrackers II iBoxx Germany Covered Bond Swap UCITS ETF;DXSW;EUR
EL4G;Deka EURO STOXX Select Dividend 30 UCITS ETF;EL4G;EUR
PVXT;Lyxor Privex UCITS ETF;LPVX;EUR
OI1S;Boost WTI Oil 1x Short Daily ETP;OI1S;EUR
0LJF;Boost Natural Gas ETC;0LJF;EUR
X0B5;Coba ETC -1x WTI Oil Daily Short;X0B5;EUR
DBX3;Xtrackers MSCI EM Latin America Swap UCITS ETF;DBX3;EUR
MIVU;Amundi MSCI USA Minimum Volatility Factor UCITS ETF;MIVU;EUR
X0DH;Coba ETN 3x DJIAF Daily Long;X0DH;EUR
BNQ9;Natural Gas ETC von BNPP;BNQ9;EUR
PR1U;AMUNDI PRIME USA UCITS ETF DR;PR1U;EUR
ECB;Lyxor EuroMTS Covered Bond Aggregate UCITS ETF;LCVB;EUR
VX5E;Vanguard Euro Stoxx 50 UCITS ETF;VX5E;EUR
BNQU;Collateralized ETC on RICI Enhanced ENERGY TR Index;BNQU;EUR
WTED;WisdomTree Emerging Markets SmallCap Dividend UCITS ETF;WTED;EUR
ASI;Lyxor China Enterprise HSCEI UCITS ETF;LCHI;EUR
X0D2;Coba ETC 4x Brent Oil Daily Long;X0D2;EUR
UIMP;UBS ETF - MSCI USA Socially Responsible UCITS ETF;UIMP;EUR
LYX7;Lyxor Core iBoxx USD Treasuries 7-10Y DR UCITS ETF;LYX7;EUR
E908;ComStage 1 TecDAX UCITS ETF;E908;EUR
X00D;Coba ETN 4x DAXF Daily Long;X00D;EUR
AEMD;Amundi Index MSCI Emerging Markets UCITS ETF DR;AEMD;EUR
MD4X;Lyxor German Mid-Cap MDAX UCITS ETF;MD4X;EUR
4RTR;ETFS 2X Daily Long Agriculture;4RTR;EUR
DXSB;Xtrackers Stoxx Global Select Dividend 100 Swap UCITS ETF;DXSB;EUR
3E3M;Boost Emerging Markets 3x Leverage Daily ETP;3E3M;EUR
EXX1;iShares EURO STOXX Banks 30-15 UCITS ETF DE;EXX1;EUR
10AM;AMUNDI INDEX BARCLAYS GLOBAL AGG 500M UCITS ETF DR;10AM;EUR
X0CW;Coba ETN -15x BUNDF Daily Short;X0CW;EUR
X0B3;Coba ETC 3x WTI Oil Daily Long;X0B3;EUR
XBJJ;ETFS Long AUD Short EUR;XBJJ;EUR
